t,follower_phase_rad,follower_frequency_hz,estimated_leader_phase_rad,phase_error_rad,coupling_term,follower_led_state,sync_state,loop_dt_ms,model_update_time_ms,cpu_percent,process_cpu_time_s,memory_rss_mb,cpu_temperature_c
3e-06,0.0,1.5,0.0,0.0,0.0,0,0,0.002,0.012,0.0,0.0693,189.28,46.3
0.077102,2.2e-05,1.5,0.0,-2.2e-05,-2.2e-05,0,0,77.099,0.01,0.0,0.1465,189.28,47.4
0.174971,0.726658,1.5,0.0,-0.726658,-0.664375,0,0,97.869,0.01,0.0,0.2096,189.28,48.0
0.256504,1.421479,1.5,0.0,-1.421479,-0.988873,0,0,81.533,0.01,0.0,0.2719,189.28,48.0
0.327191,1.907721,1.5,0.0,-1.907721,-0.943776,0,0,70.687,0.01,0.0,0.3372,189.28,47.4
0.401441,2.340435,1.5,0.0,-2.340435,-0.718162,0,0,74.25,0.01,0.0,0.4003,189.28,46.9
0.468083,2.853591,1.5,0.0,-2.853591,-0.284037,0,0,66.642,0.01,0.0,0.4636,189.28,48.5
0.529325,3.415427,1.5,0.0,2.867758,0.270425,0,0,61.242,0.011,0.0,0.5275,189.28,47.4
0.589323,4.050584,1.5,0.0,2.232601,0.788884,0,0,59.998,0.011,0.0,0.5914,189.28,47.4
0.650215,4.781707,1.5,0.0,1.501478,0.997598,0,0,60.892,0.01,0.0,0.654,189.28,46.9
0.709277,5.568214,1.5,0.74219,1.457161,0.99355,1,0,59.062,0.011,0.0,0.7174,189.28,48.5
0.775018,0.047053,1.5,1.568317,1.521263,0.998773,0,0,65.741,0.01,0.0,0.7806,189.28,47.4
0.845669,0.89646,1.5,2.456153,1.559692,0.999938,0,0,70.652,0.01,0.0,0.8451,189.28,48.5
0.91757,1.809603,1.5,3.359682,1.550079,0.999785,0,0,71.901,0.01,0.0,0.9086,189.28,46.9
0.982178,2.738849,1.5,4.171569,1.43272,0.990483,0,0,64.608,0.009,0.0,0.9717,189.28,48.5
1.041886,3.571739,1.5,0.0,2.711446,0.417004,0,0,59.708,0.011,0.0,1.0351,189.28,46.9
1.102588,4.221614,1.5,0.973793,3.035364,0.106029,0,0,60.703,0.01,0.0,1.099,189.28,47.4
1.162611,4.81625,1.5,1.936684,-2.879566,-0.259039,0,0,60.023,0.01,0.0,1.163,189.28,48.0
1.222775,5.327535,1.5,2.901833,-2.425702,-0.656289,0,0,60.164,0.01,0.0,1.2257,189.28,48.5
1.291301,5.756369,1.5,4.001131,-1.755237,-0.983039,0,0,68.526,0.01,0.0,1.2891,189.28,48.5
1.363829,6.166439,1.5,5.164618,-1.001821,-0.842454,1,0,72.527,0.011,0.0,1.353,189.28,48.0
1.435986,0.352955,1.5,0.038975,-0.31398,-0.308846,0,0,72.157,0.01,0.0,1.4164,189.28,48.5
1.498901,0.95502,1.5,1.048271,0.093251,0.093116,0,0,62.916,0.01,0.0,1.4813,189.28,47.4
1.559358,1.568491,1.5,0.0,-1.568491,-0.999997,0,0,60.457,0.01,0.0,1.5446,189.28,47.4
1.619271,1.926684,1.5,0.82813,-1.098554,-0.89055,0,0,59.913,0.01,0.0,1.6078,189.28,48.5
1.679288,2.304606,1.5,1.657694,-0.646912,-0.602725,0,0,60.017,0.01,0.0,1.672,189.28,47.4
1.741071,2.743643,1.5,2.51168,-0.231963,-0.229888,0,0,61.784,0.01,0.0,1.734,189.28,48.5
1.808334,3.276228,1.5,3.441404,0.165176,0.164426,0,0,67.263,0.01,0.0,1.7987,189.28,48.5
1.881989,3.948876,1.5,4.459474,0.510598,0.488699,0,0,73.655,0.01,0.0,1.8632,189.28,46.9
1.950958,4.769037,1.5,5.412778,0.643741,0.600192,0,0,68.969,0.01,0.0,1.926,189.28,47.4
2.012354,5.563935,1.5,6.261403,0.697468,0.642279,0,0,61.396,0.011,0.0,1.9901,189.28,46.9
2.073053,6.280592,1.5,0.0,0.002593,0.002593,1,0,60.699,0.011,0.0,2.0535,189.28,48.0
2.132678,0.570034,1.5,0.7293,0.159266,0.158593,0,0,59.625,0.01,0.0,2.1179,189.28,47.4
2.192898,1.165087,1.5,1.465874,0.300787,0.296272,0,0,60.22,0.01,0.0,2.1809,189.28,49.0
2.257569,1.795094,1.5,2.25688,0.461787,0.445548,0,0,64.67,0.01,0.0,2.2451,189.28,49.6
2.328794,2.505446,1.5,3.128057,0.622611,0.583158,0,0,71.225,0.01,0.0,2.3089,189.28,49.0
2.402172,3.322098,1.5,4.025579,0.703482,0.646877,0,0,73.379,0.01,0.0,2.3725,189.28,49.6
2.469394,4.179812,1.5,4.847787,0.667976,0.619398,0,0,67.221,0.01,0.0,2.4366,189.28,47.4
2.530299,4.959086,1.5,0.0,1.324099,0.969724,0,0,60.905,0.01,0.0,2.5005,189.28,48.0
2.591125,5.739815,1.5,0.787245,1.330615,0.971295,1,0,60.826,0.01,0.0,2.5642,189.28,48.5
2.650941,0.236687,1.5,1.561414,1.324726,0.969877,0,0,59.816,0.01,0.0,2.6285,189.28,48.0
2.711281,1.003492,1.5,2.342353,1.338861,0.973223,0,0,60.339,0.01,0.0,2.691,189.28,49.0
2.775917,1.777708,1.5,3.178903,1.401195,0.985652,0,0,64.636,0.01,0.0,2.755,189.28,47.4
2.847207,2.609869,1.5,4.101582,1.491713,0.996875,0,0,71.291,0.01,0.0,2.819,189.28,48.5
2.919212,3.530507,1.5,5.033493,1.502986,0.997702,0,0,72.004,0.01,0.0,2.8822,189.28,49.0
2.983093,4.460565,1.5,5.860277,1.399712,0.985401,0,0,63.881,0.01,0.0,2.946,189.28,48.0
3.043952,5.282955,1.5,0.0,1.000231,0.841596,0,0,60.859,0.01,0.0,3.0105,189.28,48.0
3.104221,6.035804,1.5,0.737235,0.984617,0.83306,1,0,60.269,0.01,0.0,3.0744,189.28,48.0
3.163622,0.496371,1.5,1.463839,0.967468,0.823452,0,0,59.4,0.01,0.0,3.1378,189.28,48.5
3.224525,1.227401,1.5,2.208823,0.981422,0.831289,0,0,60.903,0.009,0.0,3.2012,189.28,49.6
3.293906,1.978594,1.5,3.057523,1.078928,0.881452,0,0,69.382,0.01,0.0,3.2646,189.28,48.0
3.366267,2.846548,1.5,3.942662,1.096114,0.889438,0,0,72.361,0.01,0.0,3.3283,189.28,49.0
3.438296,3.753791,1.5,4.82375,1.069959,0.877181,0,0,72.029,0.01,0.0,3.3934,189.28,48.0
3.501995,4.653792,1.5,5.602934,0.949142,0.812916,0,0,63.699,0.01,0.0,3.4561,189.28,49.0
3.5613,5.435373,1.5,0.0,0.847812,0.749835,0,0,59.305,0.01,0.0,3.5201,189.28,48.5
3.622491,6.149954,1.5,0.748474,0.881705,0.771824,1,0,61.191,0.01,0.0,3.5835,189.28,49.6
3.682333,0.608776,1.5,1.480453,0.871676,0.765409,0,0,59.842,0.009,0.0,3.6473,189.28,48.0
3.743333,1.333086,1.5,2.226596,0.89351,0.779276,0,0,61.0,0.01,0.0,3.7106,189.28,49.6
3.811945,2.074374,1.5,3.065852,0.991478,0.836836,0,0,68.612,0.01,0.0,3.7744,189.28,48.5
3.885358,2.92199,1.5,3.963834,1.041844,0.863336,0,0,73.413,0.01,0.0,3.8385,189.28,48.0
3.953317,3.835727,1.5,4.795099,0.959372,0.818831,0,0,67.959,0.01,0.0,3.9024,189.28,48.0
4.014399,4.67099,1.5,5.542238,0.871248,0.765133,0,0,61.081,0.01,0.0,3.9656,189.28,48.5
4.074034,5.410244,1.5,0.0,0.872942,0.766222,0,0,59.635,0.01,0.0,4.0295,189.28,48.0
4.134048,6.13222,1.5,0.734114,0.88508,0.773965,1,0,60.014,0.01,0.0,4.0931,189.28,48.5
4.194978,0.577225,1.5,1.479428,0.902203,0.784694,0,1,60.93,0.01,0.0,4.1577,189.28,49.6
4.258016,1.318815,1.5,2.250535,0.93172,0.802647,0,1,63.038,0.009,0.0,4.2209,189.28,48.5
4.328508,2.090028,1.5,3.112808,1.02278,0.85356,0,1,70.491,0.01,0.0,4.285,189.28,48.0
4.401711,2.964983,1.5,4.008253,1.04327,0.864055,0,1,73.203,0.01,0.0,4.3492,189.28,48.0
4.46828,3.876285,1.5,4.822555,0.94627,0.81124,0,1,66.57,0.01,0.0,4.4126,189.28,48.5
4.529201,4.692703,1.5,0.0,1.590482,0.999806,0,1,60.921,0.01,0.0,4.4756,189.28,47.4
4.588955,5.480049,1.5,0.731585,1.534722,0.999349,0,1,59.754,0.009,0.0,4.5391,189.28,48.0
4.649058,6.252219,1.5,1.467448,1.498415,0.997382,1,1,60.103,0.011,0.0,4.6024,189.28,49.0
4.709745,0.745305,1.5,2.210459,1.465154,0.994425,0,1,60.687,0.009,0.0,4.6672,189.28,49.0
4.774755,1.528489,1.5,3.006391,1.477903,0.995688,0,1,65.01,0.01,0.0,4.7306,189.28,48.5
4.845267,2.367742,1.5,3.869693,1.501951,0.997631,0,1,70.512,0.01,0.0,4.7955,189.28,48.5
4.918078,3.278511,1.5,4.761138,1.482627,0.996116,0,1,72.811,0.01,0.0,4.8591,189.28,48.0
4.981941,4.218586,1.5,5.543027,1.324442,0.969808,0,1,63.863,0.009,0.0,4.9236,189.28,48.0
5.042448,5.037247,1.5,0.0,1.245938,0.947696,0,1,60.507,0.01,0.0,4.9882,189.28,49.0
5.102703,5.808213,1.5,0.737647,1.212619,0.936537,1,1,60.255,0.01,0.0,5.0516,189.28,48.5
5.162539,0.29043,1.5,1.470166,1.179736,0.924506,0,1,59.836,0.01,0.0,5.1151,189.28,49.6
5.222712,1.047991,1.5,2.206795,1.158804,0.916325,0,1,60.172,0.01,0.0,5.1782,189.28,48.5
5.291149,1.80808,1.5,3.044609,1.236529,0.944651,0,1,68.437,0.01,0.0,5.2414,189.28,48.0
5.362925,2.679361,1.5,3.923288,1.243927,0.947052,0,1,71.776,0.01,0.0,5.3071,189.28,49.0
5.43466,3.593743,1.5,4.801475,1.207732,0.934813,0,1,71.735,0.01,0.0,5.3705,189.28,49.6
5.497073,4.50454,1.5,5.565541,1.061001,0.872844,0,1,62.413,0.01,0.0,5.4339,189.28,49.6
5.557206,5.283442,1.5,0.0,0.999743,0.841332,0,1,60.133,0.01,0.0,5.4979,189.28,47.4
5.617893,6.027254,1.5,0.74264,0.998572,0.840698,1,1,60.687,0.01,0.0,5.5616,189.28,48.0
5.67789,0.4946,1.5,1.476831,0.982231,0.831738,0,1,59.997,0.01,0.0,5.6265,189.28,49.6
5.738499,1.234711,1.5,2.218516,0.983805,0.832611,0,1,60.609,0.01,0.0,5.6906,189.28,49.0
5.807002,1.982561,1.5,3.056797,1.074236,0.879226,0,1,68.503,0.01,0.0,5.7538,189.28,48.5
5.878695,2.838987,1.5,3.934114,1.095126,0.888986,0,1,71.693,0.01,0.0,5.8177,189.28,48.5
5.948564,3.737744,1.5,4.789116,1.051372,0.868105,0,1,69.869,0.01,0.0,5.8806,189.28,48.0
6.009634,4.608533,1.5,5.536447,0.927914,0.800371,0,1,61.071,0.01,0.0,5.945,189.28,49.6
6.070542,5.355186,1.5,0.0,0.927999,0.800422,0,1,60.907,0.01,0.0,6.0079,189.28,49.6
6.130022,6.099857,1.5,0.727802,0.911131,0.790197,1,1,59.48,0.01,0.0,6.072,189.28,49.0
6.191021,0.541757,1.5,1.474193,0.932436,0.803074,0,1,60.999,0.01,0.0,6.1358,189.28,47.4
6.253903,1.288112,1.5,2.243632,0.95552,0.816614,0,1,62.883,0.009,0.0,6.1992,189.28,47.4
6.324765,2.060494,1.5,3.110713,1.050219,0.867532,0,1,70.862,0.01,0.0,6.2627,189.28,48.0
6.396887,2.94352,1.5,3.9932,1.049679,0.867264,0,1,72.121,0.01,0.0,6.3266,189.28,48.0
6.464372,3.842167,1.5,4.81896,0.976793,0.828707,0,1,67.485,0.01,0.0,6.3901,189.28,48.0
6.525169,4.673941,1.5,0.0,1.609244,0.999261,0,1,60.797,0.01,0.0,6.4543,189.28,48.0
6.585458,5.459572,1.5,0.737997,1.56161,0.999958,0,1,60.289,0.009,0.0,6.5172,189.28,48.5
6.644742,6.238786,1.5,1.463687,1.508087,0.998034,1,1,59.284,0.01,0.0,6.5815,189.28,48.5
6.705751,0.721422,1.5,2.210497,1.489075,0.996663,0,1,61.009,0.01,0.0,6.6443,189.28,49.6
6.769792,1.509236,1.5,2.994422,1.485186,0.996338,0,1,64.041,0.01,0.0,6.7075,189.28,49.0
6.840344,2.336133,1.5,3.858043,1.52191,0.998805,0,1,70.552,0.009,0.0,6.7715,189.28,48.5
6.913032,3.247702,1.5,4.747814,1.500113,0.997503,0,1,72.688,0.009,0.0,6.8359,189.28,49.0
6.978827,4.186542,1.5,5.553208,1.366667,0.979238,0,1,65.795,0.01,0.0,6.9002,189.28,48.5
7.038684,5.032145,1.5,0.0,1.25104,0.949312,0,1,59.858,0.01,0.0,6.9637,189.28,48.0
7.098905,5.795175,1.5,0.737155,1.225165,0.940862,1,1,60.22,0.01,0.0,7.0265,189.28,48.0
7.158676,0.277858,1.5,1.468809,1.190951,0.928722,0,1,59.771,0.01,0.0,7.0904,189.28,48.5
7.219436,1.035473,1.5,2.212578,1.177105,0.923499,0,1,60.761,0.009,0.0,7.1535,189.28,47.4
7.287068,1.804521,1.5,3.04046,1.235939,0.944457,0,1,67.632,0.009,0.0,7.2184,189.28,48.0
7.359237,2.665502,1.5,3.923873,1.258371,0.951591,0,1,72.169,0.01,0.0,7.2821,189.28,48.5
7.430357,3.586037,1.5,4.794454,1.208417,0.935056,0,1,71.12,0.01,0.0,7.3462,189.28,49.0
7.494351,4.489085,1.5,5.577806,1.088722,0.886035,0,1,63.994,0.01,0.0,7.4097,189.28,49.0
7.554164,5.29067,1.5,0.0,0.992515,0.837403,0,1,59.813,0.01,0.0,7.473,189.28,48.0
7.614174,6.029699,1.5,0.734392,0.987879,0.83486,1,1,60.01,0.011,0.0,7.5371,189.28,49.0
7.674392,0.487448,1.5,1.471319,0.983872,0.832648,0,1,60.217,0.01,0.0,7.6016,189.28,49.0
7.735321,1.230473,1.5,2.216955,0.986482,0.83409,0,1,60.929,0.009,0.0,7.6642,189.28,48.0
7.803107,1.982586,1.5,3.046512,1.063926,0.874268,0,1,67.787,0.01,0.0,7.7274,189.28,48.0
7.875581,2.828882,1.5,3.933426,1.104544,0.893259,0,1,72.474,0.01,0.0,7.7905,189.28,48.5
7.946237,3.738511,1.5,4.798101,1.05959,0.872155,0,1,70.656,0.01,0.0,7.8553,189.28,48.0
8.009507,4.62011,1.5,5.572391,0.952281,0.81474,0,1,63.27,0.01,0.0,7.919,189.28,49.6
8.069384,5.396842,1.5,0.0,0.886344,0.774765,0,1,59.877,0.01,0.0,7.9834,189.28,48.0
8.129722,6.123534,1.5,0.738407,0.898058,0.782118,1,1,60.338,0.01,0.0,8.0469,189.28,48.0
8.189791,0.574194,1.5,1.473511,0.899317,0.782902,0,1,60.068,0.01,0.0,8.1106,189.28,48.0
8.253115,1.304923,1.5,2.248457,0.943534,0.809637,0,1,63.324,0.01,0.0,8.1743,189.28,49.0
8.32351,2.081182,1.5,3.109941,1.02876,0.85666,0,1,70.395,0.01,0.0,8.2383,189.28,48.5
8.396819,2.955711,1.5,4.007072,1.051361,0.8681,0,1,73.308,0.009,0.0,8.3025,189.28,49.0
8.464375,3.869362,1.5,4.833812,0.96445,0.821736,0,1,67.556,0.01,0.0,8.367,189.28,48.0
8.525122,4.700363,1.5,0.0,1.582823,0.999928,0,1,60.746,0.01,0.0,8.4303,189.28,50.1
8.58489,5.485482,1.5,0.731619,1.529322,0.99914,0,1,59.768,0.01,0.0,8.4948,189.28,48.5
8.645312,6.257791,1.5,1.471249,1.496643,0.997252,1,1,60.422,0.01,0.0,8.5586,189.28,47.4
8.705896,0.754971,1.5,2.212854,1.457883,0.993632,0,1,60.584,0.01,0.0,8.622,189.28,48.5
8.769332,1.536654,1.5,2.989374,1.45272,0.993037,0,1,63.436,0.01,0.0,8.6851,189.28,48.5
8.840015,2.355005,1.5,3.854599,1.499594,0.997466,0,1,70.683,0.01,0.0,8.7497,189.28,49.0
8.912947,3.267936,1.5,4.747365,1.479428,0.995829,0,1,72.933,0.01,0.0,8.8139,189.28,47.4
8.977969,4.209509,1.5,5.543289,1.33378,0.972043,0,1,65.021,0.01,0.0,8.8774,189.28,49.6
9.038254,5.043532,1.5,0.0,1.239653,0.945671,0,1,60.285,0.01,0.0,8.9408,189.28,48.0
9.098427,5.811243,1.5,0.736575,1.208517,0.935091,1,1,60.173,0.01,0.0,9.0038,189.28,48.5
9.158285,0.292108,1.5,1.469302,1.177194,0.923533,0,1,59.859,0.01,0.0,9.0675,189.28,48.0
9.218709,1.049747,1.5,2.208944,1.159196,0.916482,0,1,60.423,0.009,0.0,9.1315,189.28,49.0
9.286054,1.813044,1.5,3.033315,1.220271,0.939192,0,1,67.345,0.01,0.0,9.1954,189.28,47.4
9.358883,2.669133,1.5,3.924817,1.255685,0.950762,0,1,72.829,0.01,0.0,9.2593,189.28,49.0
9.429962,3.597885,1.5,4.794895,1.19701,0.930951,0,1,71.079,0.01,0.0,9.3223,189.28,48.5
9.492586,4.499389,1.5,5.561469,1.062079,0.87337,0,1,62.624,0.01,0.0,9.3858,189.28,48.5
9.553477,5.28103,1.5,0.0,1.002155,0.842634,0,1,60.891,0.01,0.0,9.45,189.28,49.0
9.613435,6.0345,1.5,0.73375,0.982436,0.831852,1,1,59.958,0.01,0.0,9.5139,189.28,49.6
9.673782,0.490969,1.5,1.47226,0.981291,0.831216,0,1,60.347,0.01,0.0,9.577,189.28,47.4
9.733211,1.235287,1.5,2.199535,0.964247,0.82162,0,1,59.429,0.009,0.0,9.6397,189.28,48.5
9.801401,1.966287,1.5,3.034038,1.067751,0.876119,0,1,68.191,0.01,0.0,9.703,189.28,48.5
9.873483,2.81807,1.5,3.916153,1.098082,0.890336,0,1,72.081,0.01,0.0,9.7675,189.28,48.0
9.943535,3.722039,1.5,4.773437,1.051399,0.868118,0,1,70.052,0.01,0.0,9.8312,189.28,48.5
10.005665,4.595114,1.5,5.533769,0.938655,0.806764,0,1,62.13,0.011,0.0,9.8954,189.28,49.0
10.065765,5.356109,1.5,0.0,0.927076,0.799868,0,1,60.1,0.01,0.0,9.9589,189.28,47.4
10.125665,6.09079,1.5,0.733042,0.925437,0.798884,1,1,59.9,0.011,0.0,10.0226,189.28,49.0
10.186356,0.539635,1.5,1.47577,0.936136,0.805273,0,1,60.691,0.01,0.0,10.0864,189.28,48.0
10.248668,1.282694,1.5,2.238329,0.955635,0.81668,0,1,62.312,0.009,0.0,10.149,189.28,47.4
10.318045,2.04808,1.5,3.087352,1.039272,0.862035,0,1,69.377,0.009,0.0,10.2127,189.28,48.5
10.390401,2.911265,1.5,3.972829,1.061564,0.873119,0,1,72.356,0.01,0.0,10.2773,189.28,48.0
10.456416,3.814318,1.5,4.780697,0.966379,0.822833,0,1,66.014,0.009,0.0,10.3407,189.28,48.0
10.516314,4.626604,1.5,5.513723,0.887119,0.775255,0,1,59.899,0.01,0.0,10.4047,189.28,47.4
10.576156,5.353664,1.5,0.0,0.929522,0.801334,0,1,59.842,0.01,0.0,10.4675,189.28,49.6
10.63599,6.085494,1.5,0.732515,0.930207,0.801743,1,1,59.835,0.011,0.0,10.5305,189.28,48.5
10.696628,0.534139,1.5,1.474864,0.940726,0.807986,0,1,60.638,0.01,0.0,10.5937,189.28,49.0
10.758737,1.277117,1.5,2.235218,0.958101,0.818101,0,1,62.109,0.01,0.0,10.6568,189.28,47.4
10.828671,2.040315,1.5,3.091377,1.051062,0.867951,0,1,69.934,0.01,0.0,10.7224,189.28,47.4
10.902149,2.911878,1.5,3.990918,1.07904,0.881505,0,1,73.478,0.009,0.0,10.7857,189.28,47.4
10.967432,3.831089,1.5,4.790135,0.959046,0.818644,0,1,65.283,0.01,0.0,10.849,189.28,49.0
11.027941,4.633419,1.5,0.0,1.649766,0.996884,0,1,60.509,0.01,0.0,10.913,189.28,48.5
11.088662,5.414822,1.5,0.744131,1.612494,0.999131,0,1,60.721,0.01,0.0,10.9766,189.28,48.0
11.14852,6.199447,1.5,1.477687,1.561425,0.999956,1,1,59.858,0.011,0.0,11.0414,189.28,49.6
11.208811,0.689908,1.5,2.216544,1.526636,0.999025,0,1,60.291,0.01,0.0,11.1063,189.28,48.5
11.273528,1.46895,1.5,3.009641,1.540691,0.999547,0,1,64.717,0.01,0.0,11.1693,189.28,49.0
11.342729,2.3053,1.5,3.857684,1.552384,0.99983,0,1,69.201,0.01,0.0,11.2337,189.28,47.4
11.415786,3.19966,1.5,4.752985,1.553325,0.999847,0,1,73.057,0.01,0.0,11.2979,189.28,48.0
11.48075,4.143865,1.5,5.549116,1.405251,0.986329,0,1,64.965,0.01,0.0,11.3622,189.28,49.6
11.540533,4.980408,1.5,0.0,1.302777,0.964297,0,1,59.783,0.01,0.0,11.4264,189.28,48.0
11.600812,5.745617,1.5,0.73849,1.276059,0.956878,1,1,60.279,0.011,0.0,11.4894,189.28,47.4
11.660436,0.232426,1.5,1.468954,1.236528,0.944651,0,1,59.624,0.01,0.0,11.5534,189.28,47.4
11.721017,0.9915,1.5,2.211149,1.21965,0.938979,0,1,60.581,0.01,0.0,11.6171,189.28,48.0
11.78901,1.761562,1.5,3.04414,1.282578,0.958752,0,1,67.992,0.01,0.0,11.6809,189.28,48.0
11.859791,2.630534,1.5,3.911294,1.28076,0.958233,0,1,70.781,0.01,0.0,11.7448,189.28,48.0
11.931219,3.535016,1.5,4.786377,1.251361,0.949413,0,1,71.428,0.01,0.0,11.8096,189.28,48.0
11.994737,4.445564,1.5,5.564546,1.118982,0.899656,0,1,63.518,0.039,0.0,11.8732,189.28,48.5
12.054338,5.244209,1.5,0.0,1.038977,0.861886,0,1,59.602,0.01,0.0,11.9364,189.28,48.0
12.114159,5.985733,1.5,0.732873,1.030325,0.857466,1,1,59.82,0.011,0.0,12.0007,189.28,49.0
12.174789,0.445872,1.5,1.475666,1.029794,0.857193,0,1,60.63,0.01,0.0,12.0643,189.28,49.6
12.234816,1.199199,1.5,2.211071,1.011872,0.847826,0,1,60.027,0.01,0.0,12.1281,189.28,48.0
12.303849,1.943064,1.5,3.05681,1.113746,0.897358,0,1,69.033,0.01,0.0,12.1914,189.28,48.0
12.374686,2.810502,1.5,3.924649,1.114147,0.897535,0,1,70.837,0.01,0.0,12.2556,189.28,49.0
12.446082,3.70065,1.5,4.799343,1.098693,0.890614,0,1,71.397,0.01,0.0,12.3195,189.28,48.0
12.507256,4.5961,1.5,5.548797,0.952697,0.814981,0,1,61.174,0.01,0.0,12.3824,189.28,48.0
12.567313,5.347144,1.5,0.0,0.936041,0.805217,0,1,60.057,0.01,0.0,12.4456,189.28,48.0
12.627732,6.082423,1.5,0.74032,0.941083,0.808196,1,1,60.419,0.01,0.0,12.5089,189.28,49.6
12.68823,0.53958,1.5,1.481608,0.942028,0.808752,0,1,60.498,0.01,0.0,12.5737,189.28,47.4
12.751322,1.281008,1.5,2.254684,0.973677,0.826959,0,1,63.092,0.01,0.0,12.6374,189.28,49.0
12.821303,2.058251,1.5,3.11216,1.053909,0.869361,0,1,69.98,0.01,0.0,12.7002,189.28,49.0
12.894015,2.930734,1.5,4.003113,1.072379,0.87834,0,1,72.713,0.01,0.0,12.764,189.28,48.5
12.961574,3.839566,1.5,4.830917,0.991351,0.836767,0,1,67.559,0.01,0.0,12.8275,189.28,48.5
13.022208,4.67415,1.5,0.0,1.609036,0.999269,0,1,60.634,0.01,0.0,12.8911,189.28,49.6
13.082639,5.457669,1.5,0.740966,1.566482,0.999991,0,1,60.431,0.01,0.0,12.9558,189.28,48.5
13.142506,6.238728,1.5,1.475013,1.519471,0.998683,1,1,59.867,0.011,0.0,13.0192,189.28,49.0
13.203133,0.729033,1.5,2.218384,1.489351,0.996685,0,1,60.627,0.01,0.0,13.0828,189.28,49.0
13.265816,1.511925,1.5,2.986953,1.475028,0.995418,0,1,62.682,0.01,0.0,13.1471,189.28,48.5
13.337319,2.321076,1.5,3.863675,1.542599,0.999602,0,1,71.503,0.01,0.0,13.211,189.28,48.5
13.408694,3.245138,1.5,4.738836,1.493699,0.997029,0,1,71.376,0.009,0.0,13.2755,189.28,49.6
13.474839,4.166913,1.5,5.549855,1.382942,0.982407,0,1,66.145,0.01,0.0,13.3394,189.28,48.0
13.534845,5.017743,1.5,0.0,1.265442,0.95374,0,1,60.006,0.01,0.0,13.4026,189.28,49.0
13.594714,5.783594,1.5,0.733827,1.233418,0.943626,1,1,59.869,0.01,0.0,13.4663,189.28,48.0
13.655768,0.262394,1.5,1.482172,1.219778,0.939023,0,1,61.054,0.009,0.0,13.5298,189.28,48.5
13.71521,1.038472,1.5,2.210754,1.172282,0.921638,0,1,59.441,0.01,0.0,13.5934,189.28,48.5
13.782329,1.790438,1.5,3.033441,1.243003,0.946755,0,1,67.119,0.01,0.0,13.6569,189.28,49.0
13.854303,2.645429,1.5,3.915634,1.270205,0.955162,0,1,71.974,0.009,0.0,13.7218,189.28,49.6
13.924394,3.56438,1.5,4.774755,1.210375,0.935748,0,1,70.092,0.009,0.0,13.7853,189.28,48.0
13.985995,4.454536,1.5,5.5298,1.075264,0.879716,0,1,61.6,0.01,0.0,13.8494,189.28,48.0
14.046509,5.224774,1.5,0.0,1.058411,0.871578,0,1,60.514,0.01,0.0,13.9134,189.28,49.6
14.105985,5.979703,1.5,0.729254,1.032737,0.858705,1,1,59.476,0.01,0.0,13.9771,189.28,49.0
14.1668,0.435819,1.5,1.474931,1.039111,0.861954,0,1,60.815,0.01,0.0,14.0405,189.28,48.5
14.22625,1.192461,1.5,2.203867,1.011406,0.847579,0,1,59.45,0.01,0.0,14.1034,189.28,48.0
14.293923,1.929125,1.5,3.033626,1.104501,0.89324,0,1,67.673,0.01,0.0,14.1668,189.28,47.4
14.364773,2.778496,1.5,3.902334,1.123838,0.901766,0,1,70.85,0.01,0.0,14.2309,189.28,49.6
14.43459,3.669851,1.5,4.758388,1.088537,0.885949,0,1,69.817,0.01,0.0,14.2942,189.28,48.5
14.497072,4.544357,1.5,5.524496,0.98014,0.830575,0,1,62.482,0.01,0.0,14.3575,189.28,48.5
14.557142,5.314868,1.5,0.0,0.968317,0.823933,0,1,60.07,0.01,0.0,14.4209,189.28,49.0
14.617462,6.054247,1.5,0.740265,0.969204,0.824435,1,1,60.319,0.01,0.0,14.4852,189.28,48.5
14.678272,0.51361,1.5,1.486554,0.972944,0.826546,0,1,60.81,0.01,0.0,14.5494,189.28,49.6
14.737524,1.262652,1.5,2.213724,0.951072,0.814039,0,1,59.252,0.01,0.0,14.6121,189.28,48.0
14.805412,1.989909,1.5,3.046878,1.056969,0.87087,0,1,67.888,0.01,0.0,14.6758,189.28,48.5
14.877526,2.836668,1.5,3.931885,1.095218,0.889028,0,1,72.113,0.01,0.0,14.739,189.28,49.0
14.94604,3.740708,1.5,4.772726,1.032018,0.858336,0,1,68.515,0.01,0.0,14.8023,189.28,48.0
15.007765,4.592274,1.5,5.530237,0.937963,0.806355,0,1,61.725,0.01,0.0,14.8672,189.28,49.6
15.068111,5.348215,1.5,0.0,0.93497,0.804581,0,1,60.346,0.01,0.0,14.9312,189.28,49.6
15.12869,6.086903,1.5,0.744412,0.940694,0.807967,1,1,60.579,0.011,0.0,14.9945,189.28,49.0
15.188524,0.545973,1.5,1.47966,0.933686,0.803818,0,1,59.833,0.01,0.0,15.0586,189.28,48.5
15.251134,1.278222,1.5,2.249036,0.970814,0.825346,0,1,62.611,0.01,0.0,15.1212,189.28,48.0
15.32056,2.049179,1.5,3.102153,1.052974,0.868899,0,1,69.425,0.01,0.0,15.1861,189.28,47.4
15.393401,2.91463,1.5,3.997243,1.082613,0.883186,0,1,72.841,0.01,0.0,15.2506,189.28,48.5
15.460324,3.826305,1.5,4.819606,0.993302,0.837833,0,1,66.923,0.01,0.0,15.3138,189.28,48.5
15.520766,4.653282,1.5,5.562332,0.90905,0.78892,0,1,60.442,0.01,0.0,15.3777,189.28,49.0
15.581539,5.389826,1.5,0.0,0.893359,0.779182,0,1,60.773,0.01,0.0,15.4415,189.28,48.0
15.641504,6.128338,1.5,0.735703,0.89055,0.777418,1,1,59.965,0.011,0.0,15.5055,189.28,48.5
15.701496,0.573477,1.5,1.471728,0.898251,0.782239,0,1,59.992,0.01,0.0,15.5692,189.28,49.0
15.764445,1.303134,1.5,2.244035,0.940902,0.80809,0,1,62.949,0.01,0.0,15.6329,189.28,49.0
15.834501,2.074453,1.5,3.103534,1.029081,0.856826,0,1,70.056,0.01,0.0,15.6972,189.28,48.5
15.907143,2.944802,1.5,3.994767,1.049965,0.867406,0,1,72.642,0.01,0.0,15.7611,189.28,48.0
15.973202,3.849977,1.5,4.805235,0.955259,0.816463,0,1,66.059,0.009,0.0,15.8261,189.28,48.5
16.033874,4.661345,1.5,0.0,1.621841,0.998698,0,1,60.671,0.01,0.0,15.8901,189.28,47.4
16.093823,5.445232,1.5,0.735505,1.573458,0.999996,0,1,59.949,0.01,0.0,15.9541,189.28,49.0
16.153936,6.220062,1.5,1.473018,1.536141,0.9994,1,1,60.113,0.011,0.0,16.0175,189.28,49.0
16.21346,0.713698,1.5,2.203309,1.489611,0.996706,0,1,59.524,0.01,0.0,16.0812,189.28,48.0
16.280676,1.482351,1.5,3.027966,1.545615,0.999683,0,1,67.216,0.01,0.0,16.1453,189.28,49.0
16.351874,2.351027,1.5,3.901476,1.550449,0.999793,0,1,71.198,0.009,0.0,16.2085,189.28,48.0
16.421627,3.271191,1.5,4.757254,1.486063,0.996412,0,1,69.752,0.01,0.0,16.2723,189.28,49.0
16.484568,4.17185,1.5,5.52947,1.357621,0.977364,0,1,62.942,0.009,0.0,16.3352,189.28,49.6
16.544004,4.980369,1.5,0.0,1.302816,0.964308,0,1,59.435,0.01,0.0,16.399,189.28,49.0
16.604639,5.741135,1.5,0.745105,1.287155,0.960043,1,1,60.636,0.01,0.0,16.4629,189.28,49.0
16.664755,0.233171,1.5,1.483823,1.250652,0.94919,0,1,60.116,0.01,0.0,16.5261,189.28,48.5
16.724425,0.999463,1.5,2.217061,1.217598,0.938271,0,1,59.67,0.009,0.0,16.5877,189.28,48.5
16.791757,1.757791,1.5,3.044455,1.286664,0.959905,0,1,67.332,0.01,0.0,16.6503,189.28,48.0
16.863213,2.618594,1.5,3.922532,1.303938,0.964604,0,1,71.457,0.01,0.0,16.7141,189.28,49.6
16.934757,3.533302,1.5,4.801674,1.268372,0.954617,0,1,71.543,0.01,0.0,16.779,189.28,48.5
16.997195,4.44662,1.5,5.568927,1.122307,0.901103,0,1,62.438,0.01,0.0,16.8427,189.28,49.6
17.057784,5.232004,1.5,0.0,1.051182,0.868011,0,1,60.589,0.01,0.0,16.9062,189.28,48.5
17.117691,5.987114,1.5,0.736155,1.032226,0.858443,1,1,59.907,0.01,0.0,16.9701,189.28,49.0
17.178546,0.448535,1.5,1.483959,1.035424,0.860079,0,1,60.855,0.01,0.0,17.0333,189.28,48.0
17.237613,1.205273,1.5,2.209787,1.004515,0.843902,0,1,59.067,0.01,0.0,17.0968,189.28,48.0
17.305989,1.936428,1.5,3.050007,1.113579,0.897284,0,1,68.376,0.01,0.0,17.1608,189.28,48.0
17.377826,2.795588,1.5,3.932761,1.137173,0.907449,0,1,71.837,0.009,0.0,17.2246,189.28,48.5
17.447178,3.700798,1.5,4.784973,1.084174,0.883918,0,1,69.352,0.01,0.0,17.288,189.28,48.0
17.508337,4.568977,1.5,5.536513,0.967535,0.82349,0,1,61.159,0.01,0.0,17.3515,189.28,49.0
17.568744,5.321663,1.5,0.0,0.961522,0.820064,0,1,60.407,0.009,0.0,17.4158,189.28,48.0
17.628959,6.064372,1.5,0.740448,0.959262,0.818768,1,1,60.215,0.011,0.0,17.4795,189.28,49.0
17.689433,0.521258,1.5,1.484073,0.962815,0.820803,0,1,60.473,0.01,0.0,17.5424,189.28,48.0
17.751573,1.264936,1.5,2.248186,0.98325,0.832303,0,1,62.14,0.01,0.0,17.6054,189.28,48.0
17.821361,2.031605,1.5,3.106357,1.074752,0.879472,0,1,69.789,0.01,0.0,17.6702,189.28,47.4
17.893819,2.904168,1.5,3.997343,1.093175,0.888091,0,1,72.457,0.01,0.0,17.7347,189.28,49.0
17.959872,3.812282,1.5,4.809589,0.997307,0.840013,0,1,66.054,0.01,0.0,17.7985,189.28,46.9
18.020433,4.629027,1.5,5.554283,0.925256,0.798775,0,1,60.56,0.01,0.0,17.8618,189.28,48.5
18.080092,5.369105,1.5,0.0,0.91408,0.792001,0,1,59.659,0.01,0.0,17.9258,189.28,49.0
18.140577,6.096753,1.5,0.743481,0.929914,0.801568,1,1,60.485,0.01,0.0,17.9884,189.28,49.6
18.200141,0.553312,1.5,1.475654,0.922342,0.797018,0,1,59.565,0.01,0.0,18.0523,189.28,49.0
18.263512,1.280855,1.5,2.254615,0.97376,0.827005,0,1,63.371,0.01,0.0,18.1157,189.28,49.6
18.333245,2.061543,1.5,3.111771,1.050228,0.867536,0,1,69.732,0.01,0.0,18.1796,189.28,48.0
18.404944,2.93049,1.5,3.993098,1.062608,0.873628,0,1,71.699,0.01,0.0,18.2431,189.28,47.4
18.470735,3.825471,1.5,4.801807,0.976336,0.828451,0,1,65.791,0.01,0.0,18.3073,189.28,49.0
18.531245,4.636304,1.5,0.0,1.646881,0.997107,0,1,60.51,0.01,0.0,18.3714,189.28,48.0
18.591111,5.417767,1.5,0.736155,1.601572,0.999526,0,1,59.866,0.01,0.0,18.4347,189.28,48.0
18.651128,6.191423,1.5,1.474171,1.565934,0.999988,1,1,60.017,0.01,0.0,18.4983,189.28,49.0
18.712112,0.683946,1.5,2.224077,1.540131,0.99953,0,1,60.984,0.01,0.0,18.5619,189.28,48.5
18.774896,1.472054,1.5,2.996113,1.524059,0.998908,0,1,62.784,0.01,0.0,18.6258,189.28,48.5
18.845467,2.283283,1.5,3.863897,1.580614,0.999952,0,1,70.57,0.01,0.0,18.6914,189.28,48.0
18.916222,3.195378,1.5,4.733951,1.538573,0.999481,0,1,70.755,0.01,0.0,18.7555,189.28,48.0
18.979885,4.109743,1.5,5.516796,1.407054,0.986624,0,1,63.663,0.01,0.0,18.8197,189.28,48.0
19.040203,4.929592,1.5,0.0,1.353593,0.976504,0,1,60.319,0.01,0.0,18.8834,189.28,48.0
19.100077,5.704237,1.5,0.73649,1.315438,0.967573,1,1,59.874,0.011,0.0,18.9471,189.28,47.4
19.160414,0.188108,1.5,1.478675,1.290566,0.960992,0,1,60.337,0.01,0.0,19.0114,189.28,49.0
19.21985,0.959707,1.5,2.209782,1.250075,0.949008,0,1,59.436,0.01,0.0,19.075,189.28,49.0
19.288007,1.717297,1.5,3.048165,1.330868,0.971355,0,1,68.157,0.01,0.0,19.1381,189.28,49.0
19.357924,2.591379,1.5,3.908202,1.316823,0.967922,0,1,69.917,0.01,0.0,19.2023,189.28,49.0
19.429332,3.487197,1.5,4.786573,1.299377,0.963391,0,1,71.408,0.01,0.0,19.2664,189.28,49.0
19.492395,4.400979,1.5,5.562295,1.161316,0.917328,0,1,63.063,0.01,0.0,19.3306,189.28,48.5
19.551858,5.197806,1.5,0.0,1.085379,0.88448,0,1,59.463,0.01,0.0,19.3934,189.28,48.0
19.611373,5.94231,1.5,0.731842,1.072717,0.878502,1,1,59.515,0.011,0.0,19.4574,189.28,49.6
19.672548,0.403038,1.5,1.484089,1.081051,0.882453,0,1,61.175,0.01,0.0,19.5214,189.28,49.0
19.732539,1.168539,1.5,2.221778,1.053239,0.86903,0,1,59.991,0.01,0.0,19.5836,189.28,48.5
19.799382,1.916407,1.5,3.043734,1.127327,0.903269,0,1,66.844,0.01,0.0,19.6478,189.28,48.0
19.870885,2.757714,1.5,3.922983,1.165269,0.918894,0,1,71.503,0.009,0.0,19.7119,189.28,47.4
19.94075,3.661575,1.5,4.782091,1.120516,0.900325,0,1,69.865,0.01,0.0,19.776,189.28,48.0
20.002687,4.540189,1.5,5.543712,1.003523,0.843369,0,1,61.937,0.039,0.0,19.84,189.28,48.0
20.062347,5.306756,1.5,0.0,0.976429,0.828503,0,1,59.66,0.01,0.0,19.9028,189.28,48.5
20.121901,6.042043,1.5,0.732661,0.973804,0.82703,1,1,59.554,0.01,0.0,19.9671,189.28,50.7
20.183019,0.492525,1.5,1.484562,0.992037,0.837142,0,1,61.118,0.01,0.0,20.0311,189.28,49.0
20.243345,1.247622,1.5,2.22672,0.979098,0.829995,0,1,60.326,0.01,0.0,20.0937,189.28,48.5
20.310953,1.991426,1.5,3.058468,1.067042,0.875777,0,1,67.608,0.01,0.0,20.1572,189.28,47.4
20.383808,2.83585,1.5,3.954762,1.118911,0.899626,0,1,72.855,0.01,0.0,20.2222,189.28,48.0
20.451067,3.751887,1.5,4.782223,1.030336,0.857472,0,1,67.26,0.01,0.0,20.2864,189.28,48.0
20.511312,4.58765,1.5,5.52338,0.935729,0.805032,0,1,60.244,0.009,0.0,20.3503,189.28,48.0
20.571939,5.325187,1.5,0.0,0.957999,0.818042,0,1,60.627,0.01,0.0,20.4135,189.28,49.0
20.631266,6.070171,1.5,0.730465,0.94348,0.809606,1,1,59.327,0.01,0.0,20.4766,189.28,48.0
20.691941,0.514241,1.5,1.477522,0.963281,0.821069,0,1,60.675,0.009,0.0,20.5397,189.28,49.6
20.754578,1.26045,1.5,2.248739,0.988289,0.835086,0,1,62.637,0.01,0.0,20.6041,189.28,49.0
20.825129,2.033864,1.5,3.117401,1.083537,0.883619,0,1,70.551,0.01,0.0,20.6693,189.28,47.4
20.897688,2.916985,1.5,4.010782,1.093797,0.888376,0,1,72.559,0.01,0.0,20.7336,189.28,48.0
20.963936,3.826445,1.5,4.82646,1.000014,0.841479,0,1,66.248,0.01,0.0,20.7971,189.28,48.0
21.023855,4.645929,1.5,0.0,1.637256,0.997792,0,1,59.919,0.01,0.0,20.8607,189.28,48.5
21.084075,5.419912,1.5,0.741457,1.604731,0.999424,0,1,60.22,0.01,0.0,20.9246,189.28,48.5
21.14367,6.198119,1.5,1.475221,1.560287,0.999945,1,1,59.595,0.011,0.0,20.988,189.28,47.4
21.204142,0.685175,1.5,2.219784,1.534609,0.999345,0,1,60.472,0.01,0.0,21.0518,189.28,48.0
21.26817,1.466625,1.5,3.008124,1.541499,0.999571,0,1,64.028,0.009,0.0,21.1153,189.28,48.5
21.337573,2.294073,1.5,3.86265,1.568577,0.999998,0,1,69.403,0.01,0.0,21.1795,189.28,48.5
21.409608,3.191092,1.5,4.749575,1.558484,0.999924,0,1,72.035,0.01,0.0,21.2439,189.28,49.0
21.474827,4.122103,1.5,5.552585,1.430482,0.990172,0,1,65.219,0.01,0.0,21.3078,189.28,47.4
21.535372,4.962802,1.5,0.0,1.320383,0.96881,0,1,60.545,0.01,0.0,21.3716,189.28,49.6
21.595028,5.738729,1.5,0.733911,1.278367,0.957546,1,1,59.656,0.01,0.0,21.4355,189.28,48.5
21.65611,0.217714,1.5,1.485371,1.267657,0.954404,0,1,61.082,0.01,0.0,21.4995,189.28,48.0
21.715729,0.997438,1.5,2.218836,1.221398,0.939579,0,1,59.619,0.01,0.0,21.5625,189.28,48.0
21.781899,1.755394,1.5,3.032887,1.277493,0.957294,0,1,66.17,0.01,0.0,21.6257,189.28,48.0
21.853012,2.600732,1.5,3.907755,1.307022,0.965413,0,1,71.113,0.01,0.0,21.6898,189.28,48.0
21.923163,3.511245,1.5,4.770795,1.25955,0.951953,0,1,70.152,0.01,0.0,21.7534,189.28,48.0
21.984167,4.406143,1.5,5.521296,1.115153,0.897978,0,1,61.004,0.01,0.0,21.8167,189.28,49.0
22.044447,5.172823,1.5,0.0,1.110363,0.89586,0,1,60.279,0.01,0.0,21.8801,189.28,49.0
22.104077,5.929945,1.5,0.734585,1.087825,0.885619,1,1,59.63,0.01,0.0,21.9434,189.28,49.0
22.165224,0.393596,1.5,1.487854,1.094258,0.888588,0,1,61.147,0.01,0.0,22.007,189.28,49.6
22.224916,1.160064,1.5,2.223204,1.06314,0.873886,0,1,59.692,0.01,0.0,22.0687,189.28,48.0
22.291129,1.905226,1.5,3.038883,1.133657,0.905967,0,1,66.213,0.009,0.0,22.1325,189.28,49.0
22.362182,2.739225,1.5,3.91418,1.174955,0.922673,0,1,71.053,0.01,0.0,22.1973,189.28,49.0
22.432525,3.638334,1.5,4.780739,1.142405,0.909635,0,1,70.343,0.01,0.0,22.2608,189.28,49.0
22.49449,4.525258,1.5,5.544079,1.018821,0.851491,0,1,61.965,0.01,0.0,22.3242,189.28,47.4
22.554575,5.293928,1.5,0.0,0.989258,0.835619,0,1,60.085,0.01,0.0,22.3877,189.28,48.0
22.614808,6.035947,1.5,0.742276,0.989515,0.83576,1,1,60.233,0.011,0.0,22.451,189.28,49.6
22.675183,0.496639,1.5,1.486288,0.989649,0.835833,0,1,60.374,0.01,0.0,22.516,189.28,49.0
22.734989,1.242272,1.5,2.223299,0.981028,0.831069,0,1,59.806,0.01,0.0,22.5795,189.28,49.6
22.802664,1.979891,1.5,3.057283,1.077391,0.880725,0,1,67.675,0.01,0.0,22.6423,189.28,48.0
22.872899,2.826324,1.5,3.922821,1.096496,0.889613,0,1,70.236,0.01,0.0,22.7067,189.28,49.0
22.943641,3.706968,1.5,4.794597,1.087629,0.885528,0,1,70.742,0.01,0.0,22.7705,189.28,49.0
23.004871,4.592948,1.5,5.549153,0.956205,0.817009,0,1,61.23,0.01,0.0,22.8348,189.28,49.6
23.064681,5.345114,1.5,0.0,0.938072,0.806419,0,1,59.81,0.011,0.0,22.8983,189.28,47.4
23.1245,6.077627,1.5,0.737182,0.94274,0.809171,1,1,59.819,0.01,0.0,22.9613,189.28,48.0
23.185043,0.527631,1.5,1.483293,0.955663,0.816696,0,1,60.543,0.01,0.0,23.026,189.28,49.0
23.247799,1.271297,1.5,2.25667,0.985374,0.833479,0,1,62.756,0.01,0.0,23.089,189.28,48.5
23.317137,2.045824,1.5,3.111167,1.065343,0.874955,0,1,69.338,0.009,0.0,23.1538,189.28,47.4
23.3881,2.911658,1.5,3.985693,1.074036,0.879131,0,1,70.963,0.01,0.0,23.2176,189.28,48.5
23.453789,3.798824,1.5,4.795212,0.996388,0.839514,0,1,65.688,0.01,0.0,23.2822,189.28,47.4
23.514179,4.610934,1.5,5.539441,0.928507,0.800726,0,1,60.39,0.01,0.0,23.3457,189.28,48.0
23.574018,5.349348,1.5,0.0,0.933837,0.803908,0,1,59.838,0.01,0.0,23.4088,189.28,49.6
23.633611,6.081678,1.5,0.734407,0.935914,0.805142,1,1,59.593,0.01,0.0,23.4726,189.28,49.0
23.694172,0.528082,1.5,1.480739,0.952657,0.814958,0,1,60.561,0.01,0.0,23.5368,189.28,48.0
23.754861,1.271599,1.5,2.228642,0.957044,0.817492,0,1,60.689,0.009,0.0,23.5999,189.28,47.4
23.82311,2.017219,1.5,3.069722,1.052503,0.868666,0,1,68.249,0.01,0.0,23.6646,189.28,49.6
23.893948,2.867956,1.5,3.9427,1.074744,0.879468,0,1,70.838,0.01,0.0,23.7289,189.28,49.6
23.961059,3.753635,1.5,4.769748,1.016113,0.850067,0,1,67.111,0.01,0.0,23.7931,189.28,48.0
24.020796,4.58581,1.5,5.50593,0.92012,0.795675,0,1,59.737,0.01,0.0,23.8571,189.28,48.5
24.081433,5.315183,1.5,0.0,0.968002,0.823755,0,1,60.637,0.01,0.0,23.9204,189.28,47.4
24.141026,6.061492,1.5,0.734403,0.956096,0.816946,1,1,59.593,0.01,0.0,23.9838,189.28,48.5
24.201784,0.510354,1.5,1.483154,0.9728,0.826465,0,1,60.757,0.01,0.0,24.0485,189.28,48.5
24.263979,1.258728,1.5,2.249622,0.990894,0.836516,0,1,62.195,0.01,0.0,24.1129,189.28,48.0
24.333922,2.026998,1.5,3.111581,1.084583,0.884109,0,1,69.944,0.009,0.0,24.1775,189.28,49.0
24.406029,2.902633,1.5,4.000197,1.097564,0.8901,0,1,72.107,0.01,0.0,24.2408,189.28,48.5
24.470592,3.806861,1.5,4.795849,0.988989,0.835471,0,1,64.563,0.01,0.0,24.3042,189.28,49.6
24.5311,4.604147,1.5,0.0,1.679038,0.994148,0,1,60.508,0.01,0.0,24.3682,189.28,47.4
24.591868,5.384954,1.5,0.749446,1.647677,0.997046,0,1,60.768,0.01,0.0,24.4339,189.28,47.4
24.652242,6.169737,1.5,1.494043,1.607491,0.999327,1,1,60.375,0.011,0.0,24.497,189.28,49.0
24.711691,0.666739,1.5,2.227215,1.560477,0.999947,0,1,59.448,0.01,0.0,24.5609,189.28,46.9
24.774797,1.435085,1.5,3.0055,1.570415,1.0,0,1,63.106,0.01,0.0,24.6249,189.28,48.5
24.845701,2.250718,1.5,3.879953,1.629235,0.998293,0,1,70.904,0.01,0.0,24.6892,189.28,48.5
24.916638,3.166713,1.5,4.754821,1.588109,0.99985,0,1,70.938,0.01,0.0,24.7537,189.28,48.0
24.980074,4.083528,1.5,5.537174,1.453646,0.993146,0,1,63.436,0.01,0.0,24.8183,189.28,47.4
25.040427,4.901903,1.5,0.0,1.381282,0.982096,0,1,60.352,0.01,0.0,24.8812,189.28,48.0
25.099673,5.678159,1.5,0.730874,1.3359,0.972538,1,1,59.247,0.01,0.0,24.9445,189.28,48.0
25.160547,0.155028,1.5,1.481828,1.3268,0.97038,0,1,60.874,0.01,0.0,25.0076,189.28,47.4
25.219792,0.935505,1.5,2.212672,1.277167,0.9572,0,1,59.244,0.01,0.0,25.0717,189.28,48.5
25.287681,1.692347,1.5,3.05016,1.357813,0.977405,0,1,67.889,0.01,0.0,25.1354,189.28,49.0
25.358727,2.564429,1.5,3.926598,1.362169,0.978316,0,1,71.046,0.01,0.0,25.2003,189.28,48.0
25.429442,3.477295,1.5,4.798947,1.321652,0.969124,0,1,70.715,0.01,0.0,25.2638,189.28,48.0
25.491845,4.383628,1.5,5.568757,1.185129,0.926548,0,1,62.403,0.01,0.0,25.3271,189.28,48.0
25.551795,5.174128,1.5,0.0,1.109057,0.895279,0,1,59.95,0.01,0.0,25.3911,189.28,47.4
25.611771,5.926996,1.5,0.739873,1.096062,0.889414,1,1,59.976,0.01,0.0,25.4544,189.28,49.6
25.672456,0.395775,1.5,1.488487,1.092712,0.887878,0,1,60.685,0.01,0.0,25.5179,189.28,49.6
25.731966,1.156296,1.5,2.22262,1.066325,0.87543,0,1,59.511,0.01,0.0,25.5826,189.28,47.4
25.800092,1.899513,1.5,3.063033,1.163519,0.918203,0,1,68.126,0.01,0.0,25.6456,189.28,49.6
25.869675,2.760523,1.5,3.921418,1.160894,0.91716,0,1,69.583,0.01,0.0,25.7101,189.28,48.5
25.938965,3.639693,1.5,4.776181,1.136488,0.907161,0,1,69.289,0.01,0.0,25.7733,189.28,49.0
26.000115,4.512728,1.5,5.530537,1.017809,0.850959,0,1,61.15,0.011,0.0,25.8369,189.28,48.5
26.060674,5.27118,1.5,0.0,1.012005,0.847896,0,1,60.559,0.01,0.0,25.9001,189.28,46.9
26.12042,6.021657,1.5,0.737036,0.998564,0.840694,1,1,59.746,0.011,0.0,25.9643,189.28,48.0
26.181454,0.477364,1.5,1.489952,1.012588,0.848205,0,1,61.033,0.01,0.0,26.0287,189.28,48.0
26.240774,1.233781,1.5,2.221733,0.987952,0.834901,0,1,59.32,0.01,0.0,26.0922,189.28,49.0
26.308352,1.966202,1.5,3.055388,1.089186,0.88625,0,1,67.578,0.01,0.0,26.1557,189.28,49.6
26.37911,2.812732,1.5,3.928272,1.11554,0.898148,0,1,70.758,0.01,0.0,26.2194,189.28,49.6
26.447505,3.702043,1.5,4.772002,1.069959,0.877181,0,1,68.395,0.01,0.0,26.2834,189.28,48.5
26.509214,4.556632,1.5,5.533253,0.976621,0.82861,0,1,61.709,0.01,0.0,26.349,189.28,48.0
26.569521,5.31719,1.5,0.0,0.965995,0.822615,0,1,60.307,0.01,0.0,26.4123,189.28,48.5
26.629027,6.0592,1.5,0.734266,0.958251,0.818187,1,1,59.506,0.011,0.0,26.4758,189.28,47.4
26.689573,0.507253,1.5,1.481358,0.974105,0.827199,0,1,60.546,0.01,0.0,26.5398,189.28,48.5
26.751436,1.253174,1.5,2.244709,0.991535,0.836867,0,1,61.863,0.009,0.0,26.6023,189.28,49.0
26.820972,2.017422,1.5,3.102739,1.085316,0.884451,0,1,69.536,0.01,0.0,26.667,189.28,49.0
26.892017,2.888041,1.5,3.979376,1.091335,0.887243,0,1,71.044,0.009,0.0,26.7308,189.28,48.0
26.958658,3.778234,1.5,4.801684,1.023449,0.853908,0,1,66.641,0.01,0.0,26.7942,189.28,49.0
27.019383,4.605484,1.5,5.550985,0.945501,0.810791,0,1,60.725,0.01,0.0,26.8575,189.28,48.0
27.079558,5.350123,1.5,0.0,0.933062,0.803447,0,1,60.176,0.01,0.0,26.9205,189.28,48.0
27.139318,6.086484,1.5,0.737204,0.933905,0.803948,1,1,59.76,0.01,0.0,26.9846,189.28,47.4
27.200325,0.534673,1.5,1.489795,0.955122,0.816384,0,1,61.007,0.01,0.0,27.0494,189.28,49.0
27.263015,1.28397,1.5,2.263145,0.979175,0.830038,0,1,62.69,0.01,0.0,27.1132,189.28,49.0
27.33276,2.056929,1.5,3.123529,1.0666,0.875563,0,1,69.745,0.011,0.0,27.1775,189.28,48.0
27.404055,2.927992,1.5,4.003041,1.075049,0.879613,0,1,71.296,0.01,0.0,27.241,189.28,49.0
27.469206,3.81943,1.5,4.806747,0.987316,0.83455,0,1,65.151,0.01,0.0,27.3049,189.28,48.0
27.529239,4.623759,1.5,0.0,1.659426,0.996075,0,1,60.032,0.01,0.0,27.368,189.28,48.5
27.589374,5.398841,1.5,0.742176,1.62652,0.998448,0,1,60.136,0.01,0.0,27.4321,189.28,48.0
27.650391,6.175755,1.5,1.495226,1.602656,0.999493,1,1,61.017,0.01,0.0,27.4961,189.28,49.6
27.710687,0.681091,1.5,2.23938,1.558289,0.999922,0,1,60.296,0.01,0.0,27.5594,189.28,48.5
27.773198,1.460388,1.5,3.010875,1.550487,0.999794,0,1,62.511,0.01,0.0,27.6234,189.28,48.5
27.843341,2.268288,1.5,3.876545,1.608257,0.999298,0,1,70.142,0.01,0.0,27.6878,189.28,50.1
27.914403,3.174686,1.5,4.753573,1.578887,0.999967,0,1,71.062,0.01,0.0,27.7511,189.28,49.6
27.977936,4.093142,1.5,5.537682,1.44454,0.99204,0,1,63.533,0.01,0.0,27.8151,189.28,48.5
28.038712,4.912527,1.5,0.0,1.370658,0.980039,0,1,60.776,0.01,0.0,27.8793,189.28,48.0
28.098742,5.693794,1.5,0.740876,1.330268,0.971212,1,1,60.03,0.01,0.0,27.9434,189.28,48.5
28.158942,0.18044,1.5,1.483836,1.303396,0.964461,0,1,60.199,0.01,0.0,28.0067,189.28,49.0
28.218263,0.951014,1.5,2.215958,1.264945,0.953591,0,1,59.321,0.01,0.0,28.0689,189.28,48.0
28.28573,1.708091,1.5,3.048623,1.340531,0.973606,0,1,67.468,0.01,0.0,28.1321,189.28,49.6
28.356525,2.573863,1.5,3.922351,1.348488,0.975391,0,1,70.795,0.011,0.0,28.1964,189.28,48.5
28.427928,3.482775,1.5,4.803579,1.320804,0.968914,0,1,71.403,0.011,0.0,28.2617,189.28,48.0
28.490694,4.397868,1.5,5.578213,1.180345,0.924737,0,1,62.766,0.01,0.0,28.3248,189.28,49.6
28.550222,5.192569,1.5,0.0,1.090617,0.886912,0,1,59.528,0.01,0.0,28.3881,189.28,48.0
28.610629,5.938391,1.5,0.745531,1.090325,0.886777,1,1,60.408,0.01,0.0,28.4513,189.28,49.6
28.671048,0.412022,1.5,1.491206,1.079184,0.881573,0,1,60.419,0.01,0.0,28.5152,189.28,49.0
28.730965,1.167885,1.5,2.230678,1.062793,0.873718,0,1,59.917,0.01,0.0,28.5792,189.28,47.4
28.797932,1.915811,1.5,3.057156,1.141345,0.909194,0,1,66.966,0.01,0.0,28.6428,189.28,48.5
28.868315,2.760055,1.5,3.925808,1.165753,0.919085,0,1,70.384,0.01,0.0,28.7066,189.28,48.5
28.938384,3.649814,1.5,4.790573,1.140759,0.90895,0,1,70.069,0.01,0.0,28.7695,189.28,48.0
28.999515,4.533108,1.5,5.545038,1.01193,0.847857,0,1,61.131,0.01,0.0,28.8324,189.28,49.0
29.059728,5.290666,1.5,0.0,0.992519,0.837406,0,1,60.213,0.01,0.0,28.8961,189.28,49.0
29.119748,6.034641,1.5,0.740312,0.988856,0.835398,1,1,60.02,0.011,0.0,28.9595,189.28,48.5
29.180867,0.492619,1.5,1.494186,1.001566,0.842316,0,1,61.119,0.01,0.0,29.0235,189.28,49.0
29.240277,1.248841,1.5,2.226967,0.978127,0.829453,0,1,59.409,0.01,0.0,29.0855,189.28,49.0
29.307704,1.981229,1.5,3.058647,1.077418,0.880738,0,1,67.427,0.01,0.0,29.1489,189.28,49.0
29.378676,2.824565,1.5,3.93405,1.109485,0.895469,0,1,70.972,0.01,0.0,29.2135,189.28,47.4
29.447114,3.715898,1.5,4.778204,1.062306,0.87348,0,1,68.439,0.011,0.0,29.2775,189.28,48.0
29.508386,4.570145,1.5,5.533958,0.963813,0.821372,0,1,61.272,0.01,0.0,29.3414,189.28,48.5
29.568647,5.32376,1.5,0.0,0.959425,0.818862,0,1,60.261,0.01,0.0,29.4051,189.28,47.4
29.628058,6.064411,1.5,0.732808,0.951582,0.814335,1,1,59.411,0.011,0.0,29.4683,189.28,48.0
29.688756,0.510497,1.5,1.481489,0.970991,0.825446,0,1,60.698,0.01,0.0,29.5332,189.28,48.5
29.750615,1.257925,1.5,2.244484,0.986559,0.834133,0,1,61.859,0.01,0.0,29.5957,189.28,48.0
29.819217,2.021524,1.5,3.090658,1.069135,0.876785,0,1,68.602,0.01,0.0,29.659,189.28,48.0
29.891461,2.87861,1.5,3.981742,1.103133,0.892624,0,1,72.243,0.01,0.0,29.7226,189.28,48.5
29.957895,3.785189,1.5,4.801169,1.015981,0.849998,0,1,66.434,0.01,0.0,29.7866,189.28,49.6
