t_s,state,virtual_event,brightness,signal_norm
1.1e-05,0,0,0,0
0.000454,0,0,0,0
0.000477,0,0,0,0
0.000485,0,0,0,0
0.000489,0,0,0,0
0.000494,0,0,0,0
0.000499,0,0,0,0
0.000503,0,0,0,0
0.000507,0,0,0,0
0.000511,0,0,0,0
0.000515,0,0,0,0
0.00052,0,0,0,0
0.000524,0,0,0,0
0.000532,0,0,0,0
0.000536,0,0,0,0
0.00054,0,0,0,0
0.000544,0,0,0,0
0.000548,0,0,0,0
0.000552,0,0,0,0
0.000556,0,0,0,0
0.00056,0,0,0,0
0.000564,0,0,0,0
0.000568,0,0,0,0
0.000571,0,0,0,0
0.000575,0,0,0,0
0.000579,0,0,0,0
0.000583,0,0,0,0
0.000587,0,0,0,0
0.000591,0,0,0,0
0.000595,0,0,0,0
0.000602,0,0,0,0
0.000606,0,0,0,0
0.00061,0,0,0,0
0.000613,0,0,0,0
0.000617,0,0,0,0
0.000621,0,0,0,0
0.000625,0,0,0,0
0.000628,0,0,0,0
0.000632,0,0,0,0
0.000636,0,0,0,0
0.000639,0,0,0,0
0.000643,0,0,0,0
0.000647,0,0,0,0
0.000651,0,0,0,0
0.000655,0,0,0,0
0.000659,0,0,0,0
0.000663,0,0,0,0
0.000667,0,0,0,0
0.00067,0,0,0,0
0.000674,0,0,0,0
0.000679,0,0,0,0
0.000683,0,0,0,0
0.000687,0,0,0,0
0.000691,0,0,0,0
0.000695,0,0,0,0
0.000698,0,0,0,0
0.000702,0,0,0,0
0.000706,0,0,0,0
0.00071,0,0,0,0
0.000714,0,0,0,0
0.000717,0,0,0,0
0.000721,0,0,0,0
0.000725,0,0,0,0
0.000728,0,0,0,0
0.000732,0,0,0,0
0.000737,0,0,0,0
0.000742,0,0,0,0
0.000746,0,0,0,0
0.000749,0,0,0,0
0.000754,0,0,0,0
0.000758,0,0,0,0
0.000761,0,0,0,0
0.000765,0,0,0,0
0.000769,0,0,0,0
0.000773,0,0,0,0
0.000776,0,0,0,0
0.00078,0,0,0,0
0.000785,0,0,0,0
0.00079,0,0,0,0
0.000794,0,0,0,0
0.000797,0,0,0,0
0.000801,0,0,0,0
0.000805,0,0,0,0
0.000808,0,0,0,0
0.000812,0,0,0,0
0.000817,0,0,0,0
0.00082,0,0,0,0
0.000824,0,0,0,0
0.000829,0,0,0,0
0.000833,0,0,0,0
0.000837,0,0,0,0
0.000841,0,0,0,0
0.000845,0,0,0,0
0.000849,0,0,0,0
0.000853,0,0,0,0
0.000857,0,0,0,0
0.000861,0,0,0,0
0.000864,0,0,0,0
0.000868,0,0,0,0
0.000872,0,0,0,0
0.000876,0,0,0,0
0.00088,0,0,0,0
0.000883,0,0,0,0
0.000887,0,0,0,0
0.000891,0,0,0,0
0.000895,0,0,0,0
0.000899,0,0,0,0
0.000903,0,0,0,0
0.000908,0,0,0,0
0.000914,0,0,0,0
0.000918,0,0,0,0
0.000922,0,0,0,0
0.000926,0,0,0,0
0.00093,0,0,0,0
0.000933,0,0,0,0
0.000937,0,0,0,0
0.000941,0,0,0,0
0.000946,0,0,0,0
0.00095,0,0,0,0
0.000954,0,0,0,0
0.000957,0,0,0,0
0.000961,0,0,0,0
0.000965,0,0,0,0
0.000969,0,0,0,0
0.000973,0,0,0,0
0.000977,0,0,0,0
0.00098,0,0,0,0
0.000984,0,0,0,0
0.000989,0,0,0,0
0.000994,0,0,0,0
0.000999,0,0,0,0
0.001003,0,0,0,0
0.001007,0,0,0,0
0.00101,0,0,0,0
0.001014,0,0,0,0
0.001018,0,0,0,0
0.001022,0,0,0,0
0.001026,0,0,0,0
0.001032,0,0,0,0
0.001036,0,0,0,0
0.00104,0,0,0,0
0.001044,0,0,0,0
0.001048,0,0,0,0
0.001051,0,0,0,0
0.001055,0,0,0,0
0.001059,0,0,0,0
0.001062,0,0,0,0
0.001067,0,0,0,0
0.001072,0,0,0,0
0.001077,0,0,0,0
0.001081,0,0,0,0
0.001085,0,0,0,0
0.001089,0,0,0,0
0.001093,0,0,0,0
0.001097,0,0,0,0
0.001101,0,0,0,0
0.001104,0,0,0,0
0.001108,0,0,0,0
0.001112,0,0,0,0
0.001116,0,0,0,0
0.00112,0,0,0,0
0.001123,0,0,0,0
0.001127,0,0,0,0
0.001131,0,0,0,0
0.001135,0,0,0,0
0.001139,0,0,0,0
0.001142,0,0,0,0
0.001147,0,0,0,0
0.001151,0,0,0,0
0.001155,0,0,0,0
0.00116,0,0,0,0
0.001163,0,0,0,0
0.001167,0,0,0,0
0.001173,0,0,0,0
0.001176,0,0,0,0
0.00118,0,0,0,0
0.001184,0,0,0,0
0.001188,0,0,0,0
0.001191,0,0,0,0
0.001195,0,0,0,0
0.0012,0,0,0,0
0.001204,0,0,0,0
0.001207,0,0,0,0
0.001211,0,0,0,0
0.001215,0,0,0,0
0.001218,0,0,0,0
0.001223,0,0,0,0
0.001227,0,0,0,0
0.001231,0,0,0,0
0.001234,0,0,0,0
0.001238,0,0,0,0
0.001242,0,0,0,0
0.001246,0,0,0,0
0.001249,0,0,0,0
0.001254,0,0,0,0
0.001258,0,0,0,0
0.001262,0,0,0,0
0.001266,0,0,0,0
0.001269,0,0,0,0
0.001273,0,0,0,0
0.001277,0,0,0,0
0.001281,0,0,0,0
0.001286,0,0,0,0
0.00129,0,0,0,0
0.001294,0,0,0,0
0.001298,0,0,0,0
0.001303,0,0,0,0
0.001307,0,0,0,0
0.001311,0,0,0,0
0.001314,0,0,0,0
0.001318,0,0,0,0
0.001322,0,0,0,0
0.001327,0,0,0,0
0.001331,0,0,0,0
0.001335,0,0,0,0
0.00134,0,0,0,0
0.001344,0,0,0,0
0.001347,0,0,0,0
0.001351,0,0,0,0
0.001355,0,0,0,0
0.001359,0,0,0,0
0.001362,0,0,0,0
0.001366,0,0,0,0
0.00137,0,0,0,0
0.001374,0,0,0,0
0.001378,0,0,0,0
0.001382,0,0,0,0
0.001386,0,0,0,0
0.00139,0,0,0,0
0.001394,0,0,0,0
0.001397,0,0,0,0
0.001401,0,0,0,0
0.001405,0,0,0,0
0.00141,0,0,0,0
0.001415,0,0,0,0
0.001419,0,0,0,0
0.001424,0,0,0,0
0.001427,0,0,0,0
0.001431,0,0,0,0
0.001435,0,0,0,0
0.001439,0,0,0,0
0.001443,0,0,0,0
0.001446,0,0,0,0
0.00145,0,0,0,0
0.001455,0,0,0,0
0.001459,0,0,0,0
0.001463,0,0,0,0
0.001467,0,0,0,0
0.001471,0,0,0,0
0.001475,0,0,0,0
0.001479,0,0,0,0
0.001482,0,0,0,0
0.001486,0,0,0,0
0.00149,0,0,0,0
0.001494,0,0,0,0
0.001497,0,0,0,0
0.001501,0,0,0,0
0.001505,0,0,0,0
0.00151,0,0,0,0
0.001514,0,0,0,0
0.001517,0,0,0,0
0.001521,0,0,0,0
0.001525,0,0,0,0
0.001529,0,0,0,0
0.001534,0,0,0,0
0.001539,0,0,0,0
0.001542,0,0,0,0
0.001546,0,0,0,0
0.00155,0,0,0,0
0.001555,0,0,0,0
0.001559,0,0,0,0
0.001562,0,0,0,0
0.001566,0,0,0,0
0.00157,0,0,0,0
0.001573,0,0,0,0
0.001578,0,0,0,0
0.001582,0,0,0,0
0.001586,0,0,0,0
0.00159,0,0,0,0
0.001595,0,0,0,0
0.001598,0,0,0,0
0.001602,0,0,0,0
0.001606,0,0,0,0
0.00161,0,0,0,0
0.001614,0,0,0,0
0.001618,0,0,0,0
0.001622,0,0,0,0
0.001626,0,0,0,0
0.00163,0,0,0,0
0.001633,0,0,0,0
0.001637,0,0,0,0
0.001641,0,0,0,0
0.001645,0,0,0,0
0.001648,0,0,0,0
0.001652,0,0,0,0
0.001656,0,0,0,0
0.00166,0,0,0,0
0.001665,0,0,0,0
0.001668,0,0,0,0
0.001672,0,0,0,0
0.001677,0,0,0,0
0.001681,0,0,0,0
0.001685,0,0,0,0
0.00169,0,0,0,0
0.001694,0,0,0,0
0.001698,0,0,0,0
0.001701,0,0,0,0
0.001706,0,0,0,0
0.00171,0,0,0,0
0.001715,0,0,0,0
0.001719,0,0,0,0
0.001723,0,0,0,0
0.001727,0,0,0,0
0.00173,0,0,0,0
0.001734,0,0,0,0
0.001738,0,0,0,0
0.001742,0,0,0,0
0.001746,0,0,0,0
0.001749,0,0,0,0
0.001753,0,0,0,0
0.001757,0,0,0,0
0.001762,0,0,0,0
0.001766,0,0,0,0
0.001771,0,0,0,0
0.001775,0,0,0,0
0.001779,0,0,0,0
0.001783,0,0,0,0
0.001786,0,0,0,0
0.00179,0,0,0,0
0.001795,0,0,0,0
0.001799,0,0,0,0
0.001802,0,0,0,0
0.001806,0,0,0,0
0.00181,0,0,0,0
0.001814,0,0,0,0
0.001818,0,0,0,0
0.001822,0,0,0,0
0.001825,0,0,0,0
0.001829,0,0,0,0
0.001834,0,0,0,0
0.001838,0,0,0,0
0.001841,0,0,0,0
0.001846,0,0,0,0
0.001851,0,0,0,0
0.001855,0,0,0,0
0.001858,0,0,0,0
0.001862,0,0,0,0
0.001866,0,0,0,0
0.00187,0,0,0,0
0.001873,0,0,0,0
0.001877,0,0,0,0
0.001881,0,0,0,0
0.001885,0,0,0,0
0.001889,0,0,0,0
0.001893,0,0,0,0
0.001897,0,0,0,0
0.0019,0,0,0,0
0.001904,0,0,0,0
0.001908,0,0,0,0
0.001912,0,0,0,0
0.001915,0,0,0,0
0.00192,0,0,0,0
0.001925,0,0,0,0
0.001928,0,0,0,0
0.001933,0,0,0,0
0.001937,0,0,0,0
0.001941,0,0,0,0
0.001944,0,0,0,0
0.001948,0,0,0,0
0.001952,0,0,0,0
0.001955,0,0,0,0
0.00196,0,0,0,0
0.001964,0,0,0,0
0.001968,0,0,0,0
0.001972,0,0,0,0
0.001976,0,0,0,0
0.001979,0,0,0,0
0.001983,0,0,0,0
0.001987,0,0,0,0
0.001991,0,0,0,0
0.001995,0,0,0,0
0.002,0,0,0,0
0.002004,0,0,0,0
0.002007,0,0,0,0
0.002011,0,0,0,0
0.002016,0,0,0,0
0.002019,0,0,0,0
0.002023,0,0,0,0
0.002027,0,0,0,0
0.002031,0,0,0,0
0.002034,0,0,0,0
0.002038,0,0,0,0
0.002042,0,0,0,0
0.002047,0,0,0,0
0.002051,0,0,0,0
0.002054,0,0,0,0
0.002058,0,0,0,0
0.002062,0,0,0,0
0.002066,0,0,0,0
0.002069,0,0,0,0
0.002073,0,0,0,0
0.002079,0,0,0,0
0.002084,0,0,0,0
0.002088,0,0,0,0
0.002091,0,0,0,0
0.002095,0,0,0,0
0.0021,0,0,0,0
0.002104,0,0,0,0
0.002108,0,0,0,0
0.002112,0,0,0,0
0.002116,0,0,0,0
0.002119,0,0,0,0
0.002123,0,0,0,0
0.002127,0,0,0,0
0.002139,0,0,0,0
0.002144,0,0,0,0
0.002148,0,0,0,0
0.002152,0,0,0,0
0.002155,0,0,0,0
0.002159,0,0,0,0
0.002164,0,0,0,0
0.002168,0,0,0,0
0.002172,0,0,0,0
0.002175,0,0,0,0
0.002179,0,0,0,0
0.002184,0,0,0,0
0.002188,0,0,0,0
0.002192,0,0,0,0
0.002196,0,0,0,0
0.0022,0,0,0,0
0.002204,0,0,0,0
0.002208,0,0,0,0
0.002212,0,0,0,0
0.002215,0,0,0,0
0.00222,0,0,0,0
0.002224,0,0,0,0
0.002228,0,0,0,0
0.002232,0,0,0,0
0.002236,0,0,0,0
0.002239,0,0,0,0
0.002244,0,0,0,0
0.002248,0,0,0,0
0.002252,0,0,0,0
0.002256,0,0,0,0
0.002259,0,0,0,0
0.002263,0,0,0,0
0.002267,0,0,0,0
0.002271,0,0,0,0
0.002274,0,0,0,0
0.002279,0,0,0,0
0.002283,0,0,0,0
0.002287,0,0,0,0
0.002291,0,0,0,0
0.002294,0,0,0,0
0.002298,0,0,0,0
0.002302,0,0,0,0
0.002306,0,0,0,0
0.002312,0,0,0,0
0.002316,0,0,0,0
0.002321,0,0,0,0
0.002325,0,0,0,0
0.002329,0,0,0,0
0.002332,0,0,0,0
0.002336,0,0,0,0
0.00234,0,0,0,0
0.002344,0,0,0,0
0.002348,0,0,0,0
0.002352,0,0,0,0
0.002356,0,0,0,0
0.00236,0,0,0,0
0.002365,0,0,0,0
0.002368,0,0,0,0
0.002372,0,0,0,0
0.002376,0,0,0,0
0.00238,0,0,0,0
0.002383,0,0,0,0
0.002387,0,0,0,0
0.002391,0,0,0,0
0.002395,0,0,0,0
0.002402,0,0,0,0
0.002406,0,0,0,0
0.002409,0,0,0,0
0.002413,0,0,0,0
0.002417,0,0,0,0
0.002421,0,0,0,0
0.002424,0,0,0,0
0.002428,0,0,0,0
0.002432,0,0,0,0
0.002436,0,0,0,0
0.00244,0,0,0,0
0.002444,0,0,0,0
0.002449,0,0,0,0
0.002452,0,0,0,0
0.002456,0,0,0,0
0.00246,0,0,0,0
0.002464,0,0,0,0
0.002468,0,0,0,0
0.002472,0,0,0,0
0.00248,0,0,0,0
0.002484,0,0,0,0
0.002488,0,0,0,0
0.002492,0,0,0,0
0.002495,0,0,0,0
0.0025,0,0,0,0
0.002503,0,0,0,0
0.002507,0,0,0,0
0.002511,0,0,0,0
0.002515,0,0,0,0
0.002519,0,0,0,0
0.002522,0,0,0,0
0.002526,0,0,0,0
0.00253,0,0,0,0
0.002534,0,0,0,0
0.002539,0,0,0,0
0.002542,0,0,0,0
0.002546,0,0,0,0
0.00255,0,0,0,0
0.002554,0,0,0,0
0.002558,0,0,0,0
0.002562,0,0,0,0
0.002567,0,0,0,0
0.002572,0,0,0,0
0.002576,0,0,0,0
0.00258,0,0,0,0
0.002583,0,0,0,0
0.002587,0,0,0,0
0.002591,0,0,0,0
0.002595,0,0,0,0
0.002598,0,0,0,0
0.002603,0,0,0,0
0.002607,0,0,0,0
0.002611,0,0,0,0
0.002615,0,0,0,0
0.002618,0,0,0,0
0.002623,0,0,0,0
0.002627,0,0,0,0
0.002631,0,0,0,0
0.002636,0,0,0,0
0.00264,0,0,0,0
0.002644,0,0,0,0
0.002647,0,0,0,0
0.002651,0,0,0,0
0.002655,0,0,0,0
0.002659,0,0,0,0
0.002662,0,0,0,0
0.002666,0,0,0,0
0.00267,0,0,0,0
0.002674,0,0,0,0
0.002678,0,0,0,0
0.002681,0,0,0,0
0.002685,0,0,0,0
0.002689,0,0,0,0
0.002694,0,0,0,0
0.002698,0,0,0,0
0.002701,0,0,0,0
0.002706,0,0,0,0
0.00271,0,0,0,0
0.002715,0,0,0,0
0.002719,0,0,0,0
0.002723,0,0,0,0
0.002727,0,0,0,0
0.002731,0,0,0,0
0.002735,0,0,0,0
0.002739,0,0,0,0
0.002743,0,0,0,0
0.002746,0,0,0,0
0.00275,0,0,0,0
0.002754,0,0,0,0
0.002758,0,0,0,0
0.002761,0,0,0,0
0.002765,0,0,0,0
0.002769,0,0,0,0
0.002773,0,0,0,0
0.002776,0,0,0,0
0.00278,0,0,0,0
0.002786,0,0,0,0
0.002795,0,0,0,0
0.002801,0,0,0,0
0.002807,0,0,0,0
0.002813,0,0,0,0
0.00282,0,0,0,0
0.002826,0,0,0,0
0.002832,0,0,0,0
0.002836,0,0,0,0
0.002841,0,0,0,0
0.002845,0,0,0,0
0.002849,0,0,0,0
0.002852,0,0,0,0
0.002856,0,0,0,0
0.00286,0,0,0,0
0.002864,0,0,0,0
0.002868,0,0,0,0
0.002871,0,0,0,0
0.002878,0,0,0,0
0.002882,0,0,0,0
0.002886,0,0,0,0
0.002891,0,0,0,0
0.002895,0,0,0,0
0.0029,0,0,0,0
0.002904,0,0,0,0
0.002907,0,0,0,0
0.002911,0,0,0,0
0.002915,0,0,0,0
0.002919,0,0,0,0
0.002922,0,0,0,0
0.002926,0,0,0,0
0.00293,0,0,0,0
0.002934,0,0,0,0
0.002937,0,0,0,0
0.002941,0,0,0,0
0.002945,0,0,0,0
0.002949,0,0,0,0
0.002953,0,0,0,0
0.002956,0,0,0,0
0.00296,0,0,0,0
0.002965,0,0,0,0
0.00297,0,0,0,0
0.002974,0,0,0,0
0.002978,0,0,0,0
0.002983,0,0,0,0
0.002987,0,0,0,0
0.002991,0,0,0,0
0.002994,0,0,0,0
0.002998,0,0,0,0
0.003002,0,0,0,0
0.003006,0,0,0,0
0.00301,0,0,0,0
0.003014,0,0,0,0
0.003018,0,0,0,0
0.003022,0,0,0,0
0.003026,0,0,0,0
0.003029,0,0,0,0
0.003033,0,0,0,0
0.003037,0,0,0,0
0.003041,0,0,0,0
0.003045,0,0,0,0
0.003049,0,0,0,0
0.003053,0,0,0,0
0.003057,0,0,0,0
0.003061,0,0,0,0
0.003066,0,0,0,0
0.003069,0,0,0,0
0.003073,0,0,0,0
0.003077,0,0,0,0
0.00308,0,0,0,0
0.003084,0,0,0,0
0.003088,0,0,0,0
0.003092,0,0,0,0
0.003097,0,0,0,0
0.0031,0,0,0,0
0.003104,0,0,0,0
0.003108,0,0,0,0
0.003112,0,0,0,0
0.003116,0,0,0,0
0.00312,0,0,0,0
0.003124,0,0,0,0
0.003129,0,0,0,0
0.003132,0,0,0,0
0.003136,0,0,0,0
0.00314,0,0,0,0
0.003144,0,0,0,0
0.003149,0,0,0,0
0.003153,0,0,0,0
0.003156,0,0,0,0
0.00316,0,0,0,0
0.003164,0,0,0,0
0.003168,0,0,0,0
0.003171,0,0,0,0
0.003175,0,0,0,0
0.003179,0,0,0,0
0.003183,0,0,0,0
0.003186,0,0,0,0
0.00319,0,0,0,0
0.003196,0,0,0,0
0.0032,0,0,0,0
0.003204,0,0,0,0
0.003208,0,0,0,0
0.003212,0,0,0,0
0.003216,0,0,0,0
0.003219,0,0,0,0
0.003224,0,0,0,0
0.003228,0,0,0,0
0.003232,0,0,0,0
0.003236,0,0,0,0
0.00324,0,0,0,0
0.003244,0,0,0,0
0.003248,0,0,0,0
0.003252,0,0,0,0
0.003257,0,0,0,0
0.003261,0,0,0,0
0.003265,0,0,0,0
0.003269,0,0,0,0
0.003273,0,0,0,0
0.003278,0,0,0,0
0.003281,0,0,0,0
0.003285,0,0,0,0
0.003289,0,0,0,0
0.003293,0,0,0,0
0.003297,0,0,0,0
0.003301,0,0,0,0
0.003304,0,0,0,0
0.003308,0,0,0,0
0.003312,0,0,0,0
0.003316,0,0,0,0
0.003321,0,0,0,0
0.003325,0,0,0,0
0.003329,0,0,0,0
0.003332,0,0,0,0
0.003336,0,0,0,0
0.00334,0,0,0,0
0.003344,0,0,0,0
0.003347,0,0,0,0
0.003352,0,0,0,0
0.003357,0,0,0,0
0.003361,0,0,0,0
0.003365,0,0,0,0
0.003369,0,0,0,0
0.003373,0,0,0,0
0.003376,0,0,0,0
0.00338,0,0,0,0
0.003385,0,0,0,0
0.003389,0,0,0,0
0.003393,0,0,0,0
0.003397,0,0,0,0
0.003401,0,0,0,0
0.003406,0,0,0,0
0.003409,0,0,0,0
0.003413,0,0,0,0
0.003417,0,0,0,0
0.003421,0,0,0,0
0.003424,0,0,0,0
0.003428,0,0,0,0
0.003433,0,0,0,0
0.003437,0,0,0,0
0.003441,0,0,0,0
0.003445,0,0,0,0
0.003448,0,0,0,0
0.003452,0,0,0,0
0.003456,0,0,0,0
0.00346,0,0,0,0
0.003464,0,0,0,0
0.003468,0,0,0,0
0.003472,0,0,0,0
0.003475,0,0,0,0
0.00348,0,0,0,0
0.003485,0,0,0,0
0.00349,0,0,0,0
0.003494,0,0,0,0
0.003497,0,0,0,0
0.003501,0,0,0,0
0.003505,0,0,0,0
0.003509,0,0,0,0
0.003515,0,0,0,0
0.003519,0,0,0,0
0.003522,0,0,0,0
0.003526,0,0,0,0
0.00353,0,0,0,0
0.003534,0,0,0,0
0.003538,0,0,0,0
0.003541,0,0,0,0
0.003545,0,0,0,0
0.003551,0,0,0,0
0.003554,0,0,0,0
0.003558,0,0,0,0
0.003562,0,0,0,0
0.003566,0,0,0,0
0.00357,0,0,0,0
0.003573,0,0,0,0
0.003578,0,0,0,0
0.003582,0,0,0,0
0.003586,0,0,0,0
0.003591,0,0,0,0
0.003595,0,0,0,0
0.0036,0,0,0,0
0.003607,0,0,0,0
0.003615,0,0,0,0
0.003619,0,0,0,0
0.003623,0,0,0,0
0.003627,0,0,0,0
0.00363,0,0,0,0
0.003634,0,0,0,0
0.003638,0,0,0,0
0.003642,0,0,0,0
0.003647,0,0,0,0
0.003651,0,0,0,0
0.003655,0,0,0,0
0.003659,0,0,0,0
0.003662,0,0,0,0
0.003666,0,0,0,0
0.003672,0,0,0,0
0.003675,0,0,0,0
0.00368,0,0,0,0
0.003685,0,0,0,0
0.003689,0,0,0,0
0.003693,0,0,0,0
0.003696,0,0,0,0
0.0037,0,0,0,0
0.003704,0,0,0,0
0.003708,0,0,0,0
0.003712,0,0,0,0
0.003716,0,0,0,0
0.003719,0,0,0,0
0.003723,0,0,0,0
0.003727,0,0,0,0
0.003731,0,0,0,0
0.003734,0,0,0,0
0.003738,0,0,0,0
0.003743,0,0,0,0
0.003747,0,0,0,0
0.003751,0,0,0,0
0.003756,0,0,0,0
0.00376,0,0,0,0
0.003764,0,0,0,0
0.003769,0,0,0,0
0.003773,0,0,0,0
0.003778,0,0,0,0
0.003781,0,0,0,0
0.003785,0,0,0,0
0.003789,0,0,0,0
0.003793,0,0,0,0
0.003796,0,0,0,0
0.0038,0,0,0,0
0.003804,0,0,0,0
0.003808,0,0,0,0
0.003811,0,0,0,0
0.003815,0,0,0,0
0.003819,0,0,0,0
0.003823,0,0,0,0
0.003826,0,0,0,0
0.00383,0,0,0,0
0.003835,0,0,0,0
0.00384,0,0,0,0
0.003844,0,0,0,0
0.003848,0,0,0,0
0.003852,0,0,0,0
0.003856,0,0,0,0
0.003859,0,0,0,0
0.003863,0,0,0,0
0.003867,0,0,0,0
0.003872,0,0,0,0
0.003876,0,0,0,0
0.003879,0,0,0,0
0.003883,0,0,0,0
0.003887,0,0,0,0
0.003891,0,0,0,0
0.003894,0,0,0,0
0.003898,0,0,0,0
0.003903,0,0,0,0
0.003907,0,0,0,0
0.003914,0,0,0,0
0.003918,0,0,0,0
0.003922,0,0,0,0
0.003926,0,0,0,0
0.003931,0,0,0,0
0.003935,0,0,0,0
0.003939,0,0,0,0
0.003942,0,0,0,0
0.003946,0,0,0,0
0.00395,0,0,0,0
0.003954,0,0,0,0
0.003958,0,0,0,0
0.003967,0,0,0,0
0.003971,0,0,0,0
0.003975,0,0,0,0
0.003979,0,0,0,0
0.003983,0,0,0,0
0.003986,0,0,0,0
0.00399,0,0,0,0
0.003994,0,0,0,0
0.003999,0,0,0,0
0.004003,0,0,0,0
0.004008,0,0,0,0
0.004012,0,0,0,0
0.004016,0,0,0,0
0.004021,0,0,0,0
0.004025,0,0,0,0
0.004028,0,0,0,0
0.004032,0,0,0,0
0.004036,0,0,0,0
0.004041,0,0,0,0
0.004045,0,0,0,0
0.004049,0,0,0,0
0.004052,0,0,0,0
0.004056,0,0,0,0
0.00406,0,0,0,0
0.004064,0,0,0,0
0.004067,0,0,0,0
0.004071,0,0,0,0
0.004076,0,0,0,0
0.00408,0,0,0,0
0.004084,0,0,0,0
0.004087,0,0,0,0
0.004091,0,0,0,0
0.004095,0,0,0,0
0.004099,0,0,0,0
0.004104,0,0,0,0
0.004107,0,0,0,0
0.004111,0,0,0,0
0.004115,0,0,0,0
0.004119,0,0,0,0
0.004122,0,0,0,0
0.004126,0,0,0,0
0.00413,0,0,0,0
0.004141,0,0,0,0
0.004146,0,0,0,0
0.004153,0,0,0,0
0.004157,0,0,0,0
0.004161,0,0,0,0
0.004166,0,0,0,0
0.00417,0,0,0,0
0.004175,0,0,0,0
0.004179,0,0,0,0
0.004183,0,0,0,0
0.004186,0,0,0,0
0.00419,0,0,0,0
0.004194,0,0,0,0
0.004199,0,0,0,0
0.004203,0,0,0,0
0.004206,0,0,0,0
0.00421,0,0,0,0
0.004214,0,0,0,0
0.004218,0,0,0,0
0.004222,0,0,0,0
0.004225,0,0,0,0
0.004229,0,0,0,0
0.004233,0,0,0,0
0.004237,0,0,0,0
0.004242,0,0,0,0
0.004246,0,0,0,0
0.004249,0,0,0,0
0.004253,0,0,0,0
0.004257,0,0,0,0
0.004261,0,0,0,0
0.004265,0,0,0,0
0.004268,0,0,0,0
0.004274,0,0,0,0
0.004277,0,0,0,0
0.004281,0,0,0,0
0.004286,0,0,0,0
0.00429,0,0,0,0
0.004293,0,0,0,0
0.004297,0,0,0,0
0.004302,0,0,0,0
0.004306,0,0,0,0
0.00431,0,0,0,0
0.004314,0,0,0,0
0.004318,0,0,0,0
0.004323,0,0,0,0
0.004327,0,0,0,0
0.00433,0,0,0,0
0.004334,0,0,0,0
0.004338,0,0,0,0
0.004342,0,0,0,0
0.004345,0,0,0,0
0.004349,0,0,0,0
0.004353,0,0,0,0
0.004357,0,0,0,0
0.00436,0,0,0,0
0.004364,0,0,0,0
0.004369,0,0,0,0
0.004373,0,0,0,0
0.004377,0,0,0,0
0.004381,0,0,0,0
0.004385,0,0,0,0
0.004389,0,0,0,0
0.004392,0,0,0,0
0.004397,0,0,0,0
0.004402,0,0,0,0
0.004406,0,0,0,0
0.00441,0,0,0,0
0.004413,0,0,0,0
0.004417,0,0,0,0
0.004421,0,0,0,0
0.004429,0,0,0,0
0.004434,0,0,0,0
0.004438,0,0,0,0
0.004442,0,0,0,0
0.004445,0,0,0,0
0.004449,0,0,0,0
0.004453,0,0,0,0
0.004458,0,0,0,0
0.004461,0,0,0,0
0.004465,0,0,0,0
0.004469,0,0,0,0
0.004473,0,0,0,0
0.004477,0,0,0,0
0.004481,0,0,0,0
0.004485,0,0,0,0
0.004489,0,0,0,0
0.004493,0,0,0,0
0.004496,0,0,0,0
0.0045,0,0,0,0
0.004504,0,0,0,0
0.004508,0,0,0,0
0.004512,0,0,0,0
0.004515,0,0,0,0
0.004521,0,0,0,0
0.004525,0,0,0,0
0.004529,0,0,0,0
0.004536,0,0,0,0
0.00454,0,0,0,0
0.004544,0,0,0,0
0.004551,0,0,0,0
0.004554,0,0,0,0
0.004558,0,0,0,0
0.004565,0,0,0,0
0.00457,0,0,0,0
0.004574,0,0,0,0
0.004578,0,0,0,0
0.004581,0,0,0,0
0.004585,0,0,0,0
0.004591,0,0,0,0
0.004595,0,0,0,0
0.004599,0,0,0,0
0.004603,0,0,0,0
0.004607,0,0,0,0
0.004612,0,0,0,0
0.004617,0,0,0,0
0.004621,0,0,0,0
0.004626,0,0,0,0
0.004631,0,0,0,0
0.004635,0,0,0,0
0.004638,0,0,0,0
0.004643,0,0,0,0
0.004647,0,0,0,0
0.004651,0,0,0,0
0.004655,0,0,0,0
0.004659,0,0,0,0
0.004663,0,0,0,0
0.004666,0,0,0,0
0.004671,0,0,0,0
0.004675,0,0,0,0
0.004679,0,0,0,0
0.004683,0,0,0,0
0.004687,0,0,0,0
0.004691,0,0,0,0
0.004694,0,0,0,0
0.0047,0,0,0,0
0.004703,0,0,0,0
0.004707,0,0,0,0
0.004711,0,0,0,0
0.004715,0,0,0,0
0.004718,0,0,0,0
0.004722,0,0,0,0
0.004728,0,0,0,0
0.004732,0,0,0,0
0.004735,0,0,0,0
0.004739,0,0,0,0
0.004743,0,0,0,0
0.004747,0,0,0,0
0.00475,0,0,0,0
0.004754,0,0,0,0
0.004758,0,0,0,0
0.004762,0,0,0,0
0.004766,0,0,0,0
0.004769,0,0,0,0
0.004773,0,0,0,0
0.004777,0,0,0,0
0.004781,0,0,0,0
0.004785,0,0,0,0
0.004788,0,0,0,0
0.004792,0,0,0,0
0.004797,0,0,0,0
0.004801,0,0,0,0
0.004806,0,0,0,0
0.004811,0,0,0,0
0.004814,0,0,0,0
0.004818,0,0,0,0
0.004822,0,0,0,0
0.004827,0,0,0,0
0.004831,0,0,0,0
0.004835,0,0,0,0
0.004839,0,0,0,0
0.004843,0,0,0,0
0.004846,0,0,0,0
0.00485,0,0,0,0
0.004854,0,0,0,0
0.004859,0,0,0,0
0.004862,0,0,0,0
0.004866,0,0,0,0
0.00487,0,0,0,0
0.004874,0,0,0,0
0.004877,0,0,0,0
0.004882,0,0,0,0
0.004886,0,0,0,0
0.00489,0,0,0,0
0.004895,0,0,0,0
0.004899,0,0,0,0
0.004903,0,0,0,0
0.004906,0,0,0,0
0.004911,0,0,0,0
0.004914,0,0,0,0
0.004918,0,0,0,0
0.004922,0,0,0,0
0.004927,0,0,0,0
0.00493,0,0,0,0
0.004934,0,0,0,0
0.004938,0,0,0,0
0.004942,0,0,0,0
0.004945,0,0,0,0
0.004949,0,0,0,0
0.00496,0,0,0,0
0.004964,0,0,0,0
0.004968,0,0,0,0
0.004972,0,0,0,0
0.004976,0,0,0,0
0.00498,0,0,0,0
0.004984,0,0,0,0
0.004989,0,0,0,0
0.004993,0,0,0,0
0.004996,0,0,0,0
0.005,0,0,0,0
0.005004,0,0,0,0
0.005008,0,0,0,0
0.005012,0,0,0,0
0.005015,0,0,0,0
0.005019,0,0,0,0
0.005023,0,0,0,0
0.005027,0,0,0,0
0.00503,0,0,0,0
0.005034,0,0,0,0
0.005038,0,0,0,0
0.005043,0,0,0,0
0.005046,0,0,0,0
0.00505,0,0,0,0
0.005054,0,0,0,0
0.005059,0,0,0,0
0.005063,0,0,0,0
0.005067,0,0,0,0
0.005072,0,0,0,0
0.005076,0,0,0,0
0.00508,0,0,0,0
0.005083,0,0,0,0
0.00509,0,0,0,0
0.005094,0,0,0,0
0.005097,0,0,0,0
0.005101,0,0,0,0
0.005105,0,0,0,0
0.005108,0,0,0,0
0.005112,0,0,0,0
0.005116,0,0,0,0
0.00512,0,0,0,0
0.005124,0,0,0,0
0.00513,0,0,0,0
0.005135,0,0,0,0
0.005139,0,0,0,0
0.005143,0,0,0,0
0.005147,0,0,0,0
0.005153,0,0,0,0
0.005157,0,0,0,0
0.005162,0,0,0,0
0.005165,0,0,0,0
0.005169,0,0,0,0
0.005173,0,0,0,0
0.005177,0,0,0,0
0.005181,0,0,0,0
0.005185,0,0,0,0
0.005188,0,0,0,0
0.005193,0,0,0,0
0.005197,0,0,0,0
0.005201,0,0,0,0
0.005207,0,0,0,0
0.005212,0,0,0,0
0.005216,0,0,0,0
0.005221,0,0,0,0
0.005224,0,0,0,0
0.005228,0,0,0,0
0.005232,0,0,0,0
0.005236,0,0,0,0
0.005241,0,0,0,0
0.005246,0,0,0,0
0.005251,0,0,0,0
0.005255,0,0,0,0
0.005259,0,0,0,0
0.005262,0,0,0,0
0.005266,0,0,0,0
0.00527,0,0,0,0
0.005274,0,0,0,0
0.005278,0,0,0,0
0.005281,0,0,0,0
0.005285,0,0,0,0
0.00529,0,0,0,0
0.005296,0,0,0,0
0.005303,0,0,0,0
0.005309,0,0,0,0
0.005314,0,0,0,0
0.005318,0,0,0,0
0.005322,0,0,0,0
0.005326,0,0,0,0
0.005329,0,0,0,0
0.005334,0,0,0,0
0.005338,0,0,0,0
0.005342,0,0,0,0
0.005347,0,0,0,0
0.005351,0,0,0,0
0.005355,0,0,0,0
0.00536,0,0,0,0
0.005364,0,0,0,0
0.005368,0,0,0,0
0.005371,0,0,0,0
0.005376,0,0,0,0
0.00538,0,0,0,0
0.005384,0,0,0,0
0.005388,0,0,0,0
0.005391,0,0,0,0
0.005395,0,0,0,0
0.005399,0,0,0,0
0.005403,0,0,0,0
0.005407,0,0,0,0
0.00541,0,0,0,0
0.005414,0,0,0,0
0.005418,0,0,0,0
0.005422,0,0,0,0
0.005425,0,0,0,0
0.005431,0,0,0,0
0.005435,0,0,0,0
0.005439,0,0,0,0
0.005442,0,0,0,0
0.005446,0,0,0,0
0.00545,0,0,0,0
0.005455,0,0,0,0
0.005459,0,0,0,0
0.005464,0,0,0,0
0.005467,0,0,0,0
0.005471,0,0,0,0
0.005475,0,0,0,0
0.005479,0,0,0,0
0.005483,0,0,0,0
0.005488,0,0,0,0
0.005492,0,0,0,0
0.005495,0,0,0,0
0.005499,0,0,0,0
0.005503,0,0,0,0
0.005507,0,0,0,0
0.00551,0,0,0,0
0.005516,0,0,0,0
0.005519,0,0,0,0
0.005523,0,0,0,0
0.005527,0,0,0,0
0.005532,0,0,0,0
0.005536,0,0,0,0
0.005539,0,0,0,0
0.005543,0,0,0,0
0.005547,0,0,0,0
0.005551,0,0,0,0
0.005558,0,0,0,0
0.005562,0,0,0,0
0.005566,0,0,0,0
0.00557,0,0,0,0
0.005574,0,0,0,0
0.005578,0,0,0,0
0.005581,0,0,0,0
0.005585,0,0,0,0
0.005589,0,0,0,0
0.005594,0,0,0,0
0.005598,0,0,0,0
0.005602,0,0,0,0
0.005606,0,0,0,0
0.00561,0,0,0,0
0.005621,0,0,0,0
0.005626,0,0,0,0
0.005629,0,0,0,0
0.005633,0,0,0,0
0.005637,0,0,0,0
0.005641,0,0,0,0
0.005645,0,0,0,0
0.005648,0,0,0,0
0.005652,0,0,0,0
0.005656,0,0,0,0
0.00566,0,0,0,0
0.005663,0,0,0,0
0.005667,0,0,0,0
0.005671,0,0,0,0
0.005675,0,0,0,0
0.005679,0,0,0,0
0.005683,0,0,0,0
0.005686,0,0,0,0
0.00569,0,0,0,0
0.005696,0,0,0,0
0.0057,0,0,0,0
0.005704,0,0,0,0
0.005707,0,0,0,0
0.005712,0,0,0,0
0.005715,0,0,0,0
0.005719,0,0,0,0
0.005724,0,0,0,0
0.005728,0,0,0,0
0.005732,0,0,0,0
0.005736,0,0,0,0
0.005739,0,0,0,0
0.005743,0,0,0,0
0.00575,0,0,0,0
0.005754,0,0,0,0
0.005757,0,0,0,0
0.005761,0,0,0,0
0.005765,0,0,0,0
0.005769,0,0,0,0
0.005772,0,0,0,0
0.005779,0,0,0,0
0.005786,0,0,0,0
0.00579,0,0,0,0
0.005794,0,0,0,0
0.005798,0,0,0,0
0.005801,0,0,0,0
0.005805,0,0,0,0
0.005809,0,0,0,0
0.005812,0,0,0,0
0.005816,0,0,0,0
0.00582,0,0,0,0
0.005823,0,0,0,0
0.005827,0,0,0,0
0.005831,0,0,0,0
0.005835,0,0,0,0
0.005839,0,0,0,0
0.005843,0,0,0,0
0.005846,0,0,0,0
0.00585,0,0,0,0
0.005855,0,0,0,0
0.005859,0,0,0,0
0.005863,0,0,0,0
0.005868,0,0,0,0
0.005872,0,0,0,0
0.005876,0,0,0,0
0.005882,0,0,0,0
0.005886,0,0,0,0
0.005889,0,0,0,0
0.005893,0,0,0,0
0.005897,0,0,0,0
0.005901,0,0,0,0
0.005905,0,0,0,0
0.005909,0,0,0,0
0.005912,0,0,0,0
0.005916,0,0,0,0
0.00592,0,0,0,0
0.005924,0,0,0,0
0.005928,0,0,0,0
0.005932,0,0,0,0
0.005937,0,0,0,0
0.005941,0,0,0,0
0.005945,0,0,0,0
0.005948,0,0,0,0
0.005953,0,0,0,0
0.005957,0,0,0,0
0.005961,0,0,0,0
0.005965,0,0,0,0
0.005969,0,0,0,0
0.005972,0,0,0,0
0.005976,0,0,0,0
0.00598,0,0,0,0
0.005985,0,0,0,0
0.005989,0,0,0,0
0.005993,0,0,0,0
0.005996,0,0,0,0
0.006,0,0,0,0
0.006004,0,0,0,0
0.006009,0,0,0,0
0.006014,0,0,0,0
0.006018,0,0,0,0
0.006022,0,0,0,0
0.006026,0,0,0,0
0.006029,0,0,0,0
0.006033,0,0,0,0
0.006037,0,0,0,0
0.006041,0,0,0,0
0.006045,0,0,0,0
0.006049,0,0,0,0
0.006053,0,0,0,0
0.006059,0,0,0,0
0.006065,0,0,0,0
0.006071,0,0,0,0
0.006078,0,0,0,0
0.006084,0,0,0,0
0.00609,0,0,0,0
0.006094,0,0,0,0
0.006098,0,0,0,0
0.006101,0,0,0,0
0.006107,0,0,0,0
0.006111,0,0,0,0
0.006115,0,0,0,0
0.006118,0,0,0,0
0.006122,0,0,0,0
0.006128,0,0,0,0
0.006131,0,0,0,0
0.006135,0,0,0,0
0.006146,0,0,0,0
0.006151,0,0,0,0
0.006155,0,0,0,0
0.00616,0,0,0,0
0.006166,0,0,0,0
0.006172,0,0,0,0
0.006178,0,0,0,0
0.006184,0,0,0,0
0.006189,0,0,0,0
0.006195,0,0,0,0
0.0062,0,0,0,0
0.006208,0,0,0,0
0.006214,0,0,0,0
0.006219,0,0,0,0
0.006225,0,0,0,0
0.006231,0,0,0,0
0.006236,0,0,0,0
0.006243,0,0,0,0
0.006249,0,0,0,0
0.006254,0,0,0,0
0.006261,0,0,0,0
0.006276,0,0,0,0
0.006283,0,0,0,0
0.006289,0,0,0,0
0.006296,0,0,0,0
0.006302,0,0,0,0
0.006308,0,0,0,0
0.006314,0,0,0,0
0.006319,0,0,0,0
0.006326,0,0,0,0
0.006331,0,0,0,0
0.006338,0,0,0,0
0.006343,0,0,0,0
0.006349,0,0,0,0
0.006355,0,0,0,0
0.006361,0,0,0,0
0.006366,0,0,0,0
0.006371,0,0,0,0
0.006376,0,0,0,0
0.006381,0,0,0,0
0.006386,0,0,0,0
0.006392,0,0,0,0
0.006399,0,0,0,0
0.006404,0,0,0,0
0.00641,0,0,0,0
0.006416,0,0,0,0
0.006422,0,0,0,0
0.006427,0,0,0,0
0.006434,0,0,0,0
0.00644,0,0,0,0
0.006447,0,0,0,0
0.006452,0,0,0,0
0.006458,0,0,0,0
0.006463,0,0,0,0
0.00647,0,0,0,0
0.006476,0,0,0,0
0.006483,0,0,0,0
0.006489,0,0,0,0
0.006496,0,0,0,0
0.006505,0,0,0,0
0.006511,0,0,0,0
0.006517,0,0,0,0
0.006523,0,0,0,0
0.006529,0,0,0,0
0.006537,0,0,0,0
0.006542,0,0,0,0
0.006549,0,0,0,0
0.006555,0,0,0,0
0.006561,0,0,0,0
0.006567,0,0,0,0
0.006574,0,0,0,0
0.006579,0,0,0,0
0.006586,0,0,0,0
0.006593,0,0,0,0
0.006599,0,0,0,0
0.006605,0,0,0,0
0.006611,0,0,0,0
0.006617,0,0,0,0
0.006622,0,0,0,0
0.006627,0,0,0,0
0.006633,0,0,0,0
0.006638,0,0,0,0
0.006644,0,0,0,0
0.006651,0,0,0,0
0.006657,0,0,0,0
0.006665,0,0,0,0
0.00667,0,0,0,0
0.006678,0,0,0,0
0.006685,0,0,0,0
0.006693,0,0,0,0
0.0067,0,0,0,0
0.006707,0,0,0,0
0.006714,0,0,0,0
0.00673,0,0,0,0
0.006737,0,0,0,0
0.006742,0,0,0,0
0.006748,0,0,0,0
0.006755,0,0,0,0
0.006764,0,0,0,0
0.006771,0,0,0,0
0.006778,0,0,0,0
0.006784,0,0,0,0
0.00679,0,0,0,0
0.006796,0,0,0,0
0.006801,0,0,0,0
0.006807,0,0,0,0
0.006814,0,0,0,0
0.006821,0,0,0,0
0.006827,0,0,0,0
0.006835,0,0,0,0
0.006842,0,0,0,0
0.00685,0,0,0,0
0.006857,0,0,0,0
0.006864,0,0,0,0
0.006871,0,0,0,0
0.006879,0,0,0,0
0.006886,0,0,0,0
0.006894,0,0,0,0
0.006902,0,0,0,0
0.006909,0,0,0,0
0.006916,0,0,0,0
0.006923,0,0,0,0
0.00693,0,0,0,0
0.006936,0,0,0,0
0.006943,0,0,0,0
0.006951,0,0,0,0
0.006958,0,0,0,0
0.006965,0,0,0,0
0.006972,0,0,0,0
0.006978,0,0,0,0
0.006985,0,0,0,0
0.00699,0,0,0,0
0.006996,0,0,0,0
0.007002,0,0,0,0
0.007008,0,0,0,0
0.007015,0,0,0,0
0.007022,0,0,0,0
0.007028,0,0,0,0
0.007034,0,0,0,0
0.007039,0,0,0,0
0.007046,0,0,0,0
0.007053,0,0,0,0
0.00706,0,0,0,0
0.007066,0,0,0,0
0.007072,0,0,0,0
0.007078,0,0,0,0
0.007085,0,0,0,0
0.007092,0,0,0,0
0.0071,0,0,0,0
0.007109,0,0,0,0
0.007117,0,0,0,0
0.007123,0,0,0,0
0.007128,0,0,0,0
0.007134,0,0,0,0
0.007141,0,0,0,0
0.007147,0,0,0,0
0.007155,0,0,0,0
0.007161,0,0,0,0
0.007167,0,0,0,0
0.007174,0,0,0,0
0.007179,0,0,0,0
0.007187,0,0,0,0
0.007194,0,0,0,0
0.0072,0,0,0,0
0.007205,0,0,0,0
0.007212,0,0,0,0
0.007218,0,0,0,0
0.007226,0,0,0,0
0.007233,0,0,0,0
0.00724,0,0,0,0
0.00725,0,0,0,0
0.007257,0,0,0,0
0.007264,0,0,0,0
0.007271,0,0,0,0
0.007276,0,0,0,0
0.007282,0,0,0,0
0.007288,0,0,0,0
0.007295,0,0,0,0
0.007302,0,0,0,0
0.007308,0,0,0,0
0.007315,0,0,0,0
0.007322,0,0,0,0
0.007329,0,0,0,0
0.007336,0,0,0,0
0.007342,0,0,0,0
0.007348,0,0,0,0
0.007355,0,0,0,0
0.007362,0,0,0,0
0.00737,0,0,0,0
0.007377,0,0,0,0
0.007383,0,0,0,0
0.007391,0,0,0,0
0.007399,0,0,0,0
0.00741,0,0,0,0
0.007417,0,0,0,0
0.007423,0,0,0,0
0.00743,0,0,0,0
0.007437,0,0,0,0
0.007443,0,0,0,0
0.00745,0,0,0,0
0.007456,0,0,0,0
0.007478,0,0,0,0
0.007486,0,0,0,0
0.007493,0,0,0,0
0.007499,0,0,0,0
0.007506,0,0,0,0
0.007516,0,0,0,0
0.007522,0,0,0,0
0.007529,0,0,0,0
0.007536,0,0,0,0
0.007542,0,0,0,0
0.007549,0,0,0,0
0.007557,0,0,0,0
0.007563,0,0,0,0
0.00757,0,0,0,0
0.007576,0,0,0,0
0.007583,0,0,0,0
0.007589,0,0,0,0
0.007596,0,0,0,0
0.007602,0,0,0,0
0.00761,0,0,0,0
0.007615,0,0,0,0
0.007622,0,0,0,0
0.007629,0,0,0,0
0.007635,0,0,0,0
0.007642,0,0,0,0
0.00765,0,0,0,0
0.007656,0,0,0,0
0.007662,0,0,0,0
0.007667,0,0,0,0
0.007673,0,0,0,0
0.00768,0,0,0,0
0.007685,0,0,0,0
0.007691,0,0,0,0
0.007699,0,0,0,0
0.007705,0,0,0,0
0.007712,0,0,0,0
0.007718,0,0,0,0
0.007725,0,0,0,0
0.007731,0,0,0,0
0.007737,0,0,0,0
0.007743,0,0,0,0
0.007749,0,0,0,0
0.007756,0,0,0,0
0.007762,0,0,0,0
0.007769,0,0,0,0
0.007777,0,0,0,0
0.007787,0,0,0,0
0.007792,0,0,0,0
0.007796,0,0,0,0
0.0078,0,0,0,0
0.007804,0,0,0,0
0.007809,0,0,0,0
0.007813,0,0,0,0
0.007817,0,0,0,0
0.007823,0,0,0,0
0.007827,0,0,0,0
0.007832,0,0,0,0
0.007836,0,0,0,0
0.00784,0,0,0,0
0.007844,0,0,0,0
0.007848,0,0,0,0
0.007852,0,0,0,0
0.007856,0,0,0,0
0.00786,0,0,0,0
0.007865,0,0,0,0
0.007869,0,0,0,0
0.007873,0,0,0,0
0.007878,0,0,0,0
0.007881,0,0,0,0
0.007885,0,0,0,0
0.007889,0,0,0,0
0.007893,0,0,0,0
0.007896,0,0,0,0
0.007901,0,0,0,0
0.007904,0,0,0,0
0.007912,0,0,0,0
0.007916,0,0,0,0
0.00792,0,0,0,0
0.007924,0,0,0,0
0.007927,0,0,0,0
0.007931,0,0,0,0
0.007935,0,0,0,0
0.007939,0,0,0,0
0.007947,0,0,0,0
0.007951,0,0,0,0
0.007955,0,0,0,0
0.007959,0,0,0,0
0.007966,0,0,0,0
0.00797,0,0,0,0
0.007974,0,0,0,0
0.007978,0,0,0,0
0.007982,0,0,0,0
0.007985,0,0,0,0
0.007989,0,0,0,0
0.007993,0,0,0,0
0.007997,0,0,0,0
0.008004,0,0,0,0
0.008008,0,0,0,0
0.008012,0,0,0,0
0.008016,0,0,0,0
0.00802,0,0,0,0
0.008024,0,0,0,0
0.008028,0,0,0,0
0.008034,0,0,0,0
0.008038,0,0,0,0
0.008042,0,0,0,0
0.008046,0,0,0,0
0.00805,0,0,0,0
0.008054,0,0,0,0
0.008058,0,0,0,0
0.008062,0,0,0,0
0.008066,0,0,0,0
0.00807,0,0,0,0
0.008073,0,0,0,0
0.008077,0,0,0,0
0.008082,0,0,0,0
0.008086,0,0,0,0
0.00809,0,0,0,0
0.008095,0,0,0,0
0.0081,0,0,0,0
0.008104,0,0,0,0
0.008107,0,0,0,0
0.008112,0,0,0,0
0.008116,0,0,0,0
0.00812,0,0,0,0
0.008124,0,0,0,0
0.008128,0,0,0,0
0.008131,0,0,0,0
0.008135,0,0,0,0
0.008139,0,0,0,0
0.008153,0,0,0,0
0.008158,0,0,0,0
0.008162,0,0,0,0
0.008166,0,0,0,0
0.00817,0,0,0,0
0.008173,0,0,0,0
0.008177,0,0,0,0
0.008181,0,0,0,0
0.008185,0,0,0,0
0.00819,0,0,0,0
0.008194,0,0,0,0
0.008198,0,0,0,0
0.008203,0,0,0,0
0.008207,0,0,0,0
0.00821,0,0,0,0
0.008214,0,0,0,0
0.008218,0,0,0,0
0.008223,0,0,0,0
0.008226,0,0,0,0
0.00823,0,0,0,0
0.008234,0,0,0,0
0.008239,0,0,0,0
0.008243,0,0,0,0
0.008247,0,0,0,0
0.00825,0,0,0,0
0.008254,0,0,0,0
0.008258,0,0,0,0
0.008262,0,0,0,0
0.008266,0,0,0,0
0.00827,0,0,0,0
0.008274,0,0,0,0
0.008279,0,0,0,0
0.008283,0,0,0,0
0.008287,0,0,0,0
0.008291,0,0,0,0
0.008294,0,0,0,0
0.008298,0,0,0,0
0.008302,0,0,0,0
0.008306,0,0,0,0
0.008309,0,0,0,0
0.008313,0,0,0,0
0.008317,0,0,0,0
0.008321,0,0,0,0
0.008324,0,0,0,0
0.008328,0,0,0,0
0.008332,0,0,0,0
0.008336,0,0,0,0
0.008339,0,0,0,0
0.008343,0,0,0,0
0.008348,0,0,0,0
0.008352,0,0,0,0
0.008357,0,0,0,0
0.008361,0,0,0,0
0.008365,0,0,0,0
0.008369,0,0,0,0
0.008373,0,0,0,0
0.008377,0,0,0,0
0.00838,0,0,0,0
0.008384,0,0,0,0
0.008388,0,0,0,0
0.008392,0,0,0,0
0.008395,0,0,0,0
0.008399,0,0,0,0
0.008403,0,0,0,0
0.008407,0,0,0,0
0.00841,0,0,0,0
0.008414,0,0,0,0
0.008418,0,0,0,0
0.008422,0,0,0,0
0.008425,0,0,0,0
0.00843,0,0,0,0
0.008434,0,0,0,0
0.008438,0,0,0,0
0.008442,0,0,0,0
0.008461,0,0,0,0
0.008465,0,0,0,0
0.008469,0,0,0,0
0.008473,0,0,0,0
0.008476,0,0,0,0
0.00848,0,0,0,0
0.008486,0,0,0,0
0.008489,0,0,0,0
0.008493,0,0,0,0
0.008497,0,0,0,0
0.008502,0,0,0,0
0.008505,0,0,0,0
0.008509,0,0,0,0
0.008513,0,0,0,0
0.008517,0,0,0,0
0.008521,0,0,0,0
0.008525,0,0,0,0
0.008529,0,0,0,0
0.008533,0,0,0,0
0.008537,0,0,0,0
0.008542,0,0,0,0
0.008546,0,0,0,0
0.00855,0,0,0,0
0.008553,0,0,0,0
0.008557,0,0,0,0
0.008561,0,0,0,0
0.008565,0,0,0,0
0.008569,0,0,0,0
0.008572,0,0,0,0
0.008576,0,0,0,0
0.00858,0,0,0,0
0.008584,0,0,0,0
0.008588,0,0,0,0
0.008592,0,0,0,0
0.008595,0,0,0,0
0.0086,0,0,0,0
0.008604,0,0,0,0
0.008608,0,0,0,0
0.008613,0,0,0,0
0.008617,0,0,0,0
0.008621,0,0,0,0
0.008626,0,0,0,0
0.008631,0,0,0,0
0.008635,0,0,0,0
0.008638,0,0,0,0
0.008642,0,0,0,0
0.008646,0,0,0,0
0.00865,0,0,0,0
0.008653,0,0,0,0
0.008657,0,0,0,0
0.008661,0,0,0,0
0.008665,0,0,0,0
0.008669,0,0,0,0
0.008672,0,0,0,0
0.008676,0,0,0,0
0.008681,0,0,0,0
0.008685,0,0,0,0
0.008689,0,0,0,0
0.008693,0,0,0,0
0.008696,0,0,0,0
0.0087,0,0,0,0
0.008704,0,0,0,0
0.008709,0,0,0,0
0.008712,0,0,0,0
0.008716,0,0,0,0
0.00872,0,0,0,0
0.008724,0,0,0,0
0.008727,0,0,0,0
0.008731,0,0,0,0
0.008735,0,0,0,0
0.00874,0,0,0,0
0.008744,0,0,0,0
0.008748,0,0,0,0
0.008751,0,0,0,0
0.008758,0,0,0,0
0.008761,0,0,0,0
0.008765,0,0,0,0
0.008769,0,0,0,0
0.008773,0,0,0,0
0.008777,0,0,0,0
0.00878,0,0,0,0
0.008784,0,0,0,0
0.008788,0,0,0,0
0.008792,0,0,0,0
0.008797,0,0,0,0
0.008801,0,0,0,0
0.008805,0,0,0,0
0.008808,0,0,0,0
0.008812,0,0,0,0
0.008816,0,0,0,0
0.00882,0,0,0,0
0.008824,0,0,0,0
0.008827,0,0,0,0
0.008831,0,0,0,0
0.008839,0,0,0,0
0.008843,0,0,0,0
0.008847,0,0,0,0
0.008851,0,0,0,0
0.008854,0,0,0,0
0.008858,0,0,0,0
0.008862,0,0,0,0
0.008866,0,0,0,0
0.00887,0,0,0,0
0.008873,0,0,0,0
0.008877,0,0,0,0
0.008881,0,0,0,0
0.008885,0,0,0,0
0.008889,0,0,0,0
0.008893,0,0,0,0
0.008897,0,0,0,0
0.0089,0,0,0,0
0.008904,0,0,0,0
0.008908,0,0,0,0
0.008912,0,0,0,0
0.008915,0,0,0,0
0.008919,0,0,0,0
0.008923,0,0,0,0
0.008927,0,0,0,0
0.00893,0,0,0,0
0.008934,0,0,0,0
0.008938,0,0,0,0
0.008942,0,0,0,0
0.008946,0,0,0,0
0.008949,0,0,0,0
0.008953,0,0,0,0
0.008957,0,0,0,0
0.008961,0,0,0,0
0.008965,0,0,0,0
0.008968,0,0,0,0
0.008972,0,0,0,0
0.008976,0,0,0,0
0.008979,0,0,0,0
0.008983,0,0,0,0
0.008987,0,0,0,0
0.008991,0,0,0,0
0.008995,0,0,0,0
0.008998,0,0,0,0
0.009002,0,0,0,0
0.009006,0,0,0,0
0.00901,0,0,0,0
0.009013,0,0,0,0
0.009017,0,0,0,0
0.009021,0,0,0,0
0.009025,0,0,0,0
0.009028,0,0,0,0
0.009032,0,0,0,0
0.009035,0,0,0,0
0.00904,0,0,0,0
0.009043,0,0,0,0
0.009047,0,0,0,0
0.009051,0,0,0,0
0.009054,0,0,0,0
0.009058,0,0,0,0
0.009062,0,0,0,0
0.009066,0,0,0,0
0.00907,0,0,0,0
0.009073,0,0,0,0
0.009077,0,0,0,0
0.009081,0,0,0,0
0.009084,0,0,0,0
0.009088,0,0,0,0
0.009092,0,0,0,0
0.009096,0,0,0,0
0.009099,0,0,0,0
0.009103,0,0,0,0
0.009107,0,0,0,0
0.009111,0,0,0,0
0.009115,0,0,0,0
0.009118,0,0,0,0
0.009122,0,0,0,0
0.009126,0,0,0,0
0.00913,0,0,0,0
0.009137,0,0,0,0
0.009141,0,0,0,0
0.009145,0,0,0,0
0.009148,0,0,0,0
0.009152,0,0,0,0
0.009156,0,0,0,0
0.00916,0,0,0,0
0.009164,0,0,0,0
0.009168,0,0,0,0
0.009171,0,0,0,0
0.009175,0,0,0,0
0.009179,0,0,0,0
0.009183,0,0,0,0
0.009187,0,0,0,0
0.009191,0,0,0,0
0.009194,0,0,0,0
0.009198,0,0,0,0
0.009202,0,0,0,0
0.009207,0,0,0,0
0.009212,0,0,0,0
0.009216,0,0,0,0
0.00922,0,0,0,0
0.009223,0,0,0,0
0.009227,0,0,0,0
0.009231,0,0,0,0
0.009235,0,0,0,0
0.009239,0,0,0,0
0.009243,0,0,0,0
0.009247,0,0,0,0
0.009251,0,0,0,0
0.009254,0,0,0,0
0.009258,0,0,0,0
0.009262,0,0,0,0
0.009266,0,0,0,0
0.009269,0,0,0,0
0.009273,0,0,0,0
0.009277,0,0,0,0
0.009281,0,0,0,0
0.009284,0,0,0,0
0.00929,0,0,0,0
0.009294,0,0,0,0
0.009298,0,0,0,0
0.009302,0,0,0,0
0.009306,0,0,0,0
0.009309,0,0,0,0
0.009313,0,0,0,0
0.009317,0,0,0,0
0.009321,0,0,0,0
0.009325,0,0,0,0
0.009328,0,0,0,0
0.009332,0,0,0,0
0.009336,0,0,0,0
0.00934,0,0,0,0
0.009343,0,0,0,0
0.009347,0,0,0,0
0.009351,0,0,0,0
0.009359,0,0,0,0
0.009363,0,0,0,0
0.00937,0,0,0,0
0.009373,0,0,0,0
0.009378,0,0,0,0
0.009383,0,0,0,0
0.009387,0,0,0,0
0.009391,0,0,0,0
0.009395,0,0,0,0
0.009399,0,0,0,0
0.009402,0,0,0,0
0.009406,0,0,0,0
0.00941,0,0,0,0
0.009414,0,0,0,0
0.009418,0,0,0,0
0.009422,0,0,0,0
0.009426,0,0,0,0
0.009429,0,0,0,0
0.009433,0,0,0,0
0.009437,0,0,0,0
0.009443,0,0,0,0
0.009446,0,0,0,0
0.009451,0,0,0,0
0.009455,0,0,0,0
0.009459,0,0,0,0
0.009463,0,0,0,0
0.009469,0,0,0,0
0.009473,0,0,0,0
0.009477,0,0,0,0
0.009481,0,0,0,0
0.009485,0,0,0,0
0.009489,0,0,0,0
0.009492,0,0,0,0
0.009497,0,0,0,0
0.009501,0,0,0,0
0.009505,0,0,0,0
0.00951,0,0,0,0
0.009514,0,0,0,0
0.009518,0,0,0,0
0.009522,0,0,0,0
0.009525,0,0,0,0
0.00953,0,0,0,0
0.009534,0,0,0,0
0.009538,0,0,0,0
0.009542,0,0,0,0
0.009545,0,0,0,0
0.009549,0,0,0,0
0.009554,0,0,0,0
0.009558,0,0,0,0
0.009562,0,0,0,0
0.009566,0,0,0,0
0.009569,0,0,0,0
0.009573,0,0,0,0
0.009577,0,0,0,0
0.009581,0,0,0,0
0.009584,0,0,0,0
0.009588,0,0,0,0
0.009592,0,0,0,0
0.009596,0,0,0,0
0.009601,0,0,0,0
0.009604,0,0,0,0
0.009609,0,0,0,0
0.009613,0,0,0,0
0.009617,0,0,0,0
0.009621,0,0,0,0
0.009625,0,0,0,0
0.009629,0,0,0,0
0.009633,0,0,0,0
0.009638,0,0,0,0
0.009642,0,0,0,0
0.009645,0,0,0,0
0.009649,0,0,0,0
0.009653,0,0,0,0
0.009657,0,0,0,0
0.009661,0,0,0,0
0.009665,0,0,0,0
0.009668,0,0,0,0
0.009672,0,0,0,0
0.009676,0,0,0,0
0.00968,0,0,0,0
0.009684,0,0,0,0
0.009688,0,0,0,0
0.009692,0,0,0,0
0.009696,0,0,0,0
0.0097,0,0,0,0
0.009704,0,0,0,0
0.009707,0,0,0,0
0.009712,0,0,0,0
0.009718,0,0,0,0
0.009726,0,0,0,0
0.009732,0,0,0,0
0.009737,0,0,0,0
0.009763,0,0,0,0
0.00977,0,0,0,0
0.009774,0,0,0,0
0.009778,0,0,0,0
0.009782,0,0,0,0
0.009787,0,0,0,0
0.009791,0,0,0,0
0.009794,0,0,0,0
0.0098,0,0,0,0
0.009804,0,0,0,0
0.009808,0,0,0,0
0.009812,0,0,0,0
0.009816,0,0,0,0
0.009819,0,0,0,0
0.009823,0,0,0,0
0.009827,0,0,0,0
0.009831,0,0,0,0
0.009835,0,0,0,0
0.009839,0,0,0,0
0.009844,0,0,0,0
0.009848,0,0,0,0
0.009852,0,0,0,0
0.009855,0,0,0,0
0.009859,0,0,0,0
0.009863,0,0,0,0
0.009867,0,0,0,0
0.009871,0,0,0,0
0.009876,0,0,0,0
0.00988,0,0,0,0
0.009884,0,0,0,0
0.009888,0,0,0,0
0.009892,0,0,0,0
0.009896,0,0,0,0
0.0099,0,0,0,0
0.009903,0,0,0,0
0.009907,0,0,0,0
0.009911,0,0,0,0
0.009917,0,0,0,0
0.00992,0,0,0,0
0.009924,0,0,0,0
0.00993,0,0,0,0
0.009934,0,0,0,0
0.009938,0,0,0,0
0.009942,0,0,0,0
0.009946,0,0,0,0
0.009951,0,0,0,0
0.009954,0,0,0,0
0.009959,0,0,0,0
0.009963,0,0,0,0
0.009967,0,0,0,0
0.009971,0,0,0,0
0.009975,0,0,0,0
0.009978,0,0,0,0
0.009982,0,0,0,0
0.009986,0,0,0,0
0.00999,0,0,0,0
0.009994,0,0,0,0
0.009998,0,0,0,0
