agent_id,fire_count,flash_on,frequency_hz,phase_rad,pi_flash_events_consumed,received_neighbour_events,role,t_s,topology
V0,1,0,1.722741,4.262984,0,1,virtual,2e-06,all_to_all
V1,1,0,1.89092,4.638728,0,1,virtual,2e-06,all_to_all
P0,0,0,1.940849,4.577798,,0,pi,2e-06,all_to_all
V0,1,0,1.722741,5.314925,0,1,virtual,0.537495,all_to_all
V1,1,0,1.89092,5.818906,0,1,virtual,0.537495,all_to_all
P0,1,1,1.940849,4.849188,,0,pi,0.537495,all_to_all
V0,2,1,1.740377,2.645158,2,4,virtual,0.883267,all_to_all
V1,2,0,1.892248,3.440137,2,4,virtual,0.883267,all_to_all
P0,2,0,1.940849,2.782591,,0,pi,0.883267,all_to_all
V0,2,0,1.810558,4.493084,2,4,virtual,1.088933,all_to_all
V1,2,0,1.941398,5.3385,2,4,virtual,1.088933,all_to_all
P0,2,0,1.940849,5.310826,,0,pi,1.088933,all_to_all
V0,3,1,1.915602,0.608195,3,6,virtual,1.294108,all_to_all
V1,3,1,2.019593,1.452289,3,6,virtual,1.294108,all_to_all
P0,3,0,1.940849,1.618121,,0,pi,1.294108,all_to_all
V0,3,0,2.004285,3.549081,3,6,virtual,1.52298,all_to_all
V1,3,0,2.08118,4.343228,3,6,virtual,1.52298,all_to_all
P0,3,0,1.98268,4.418334,,0,pi,1.52298,all_to_all
V0,4,1,2.098302,2.587177,4,8,virtual,1.850531,all_to_all
V1,4,1,2.139455,3.210195,4,8,virtual,1.850531,all_to_all
P0,4,0,2.052336,2.226529,,1,pi,1.850531,all_to_all
V0,4,0,2.110866,4.344848,4,8,virtual,2.056793,all_to_all
V1,4,0,2.143354,4.90664,4,8,virtual,2.056793,all_to_all
P0,4,0,2.075438,4.856987,,0,pi,2.056793,all_to_all
V0,5,1,2.123833,1.132678,5,10,virtual,2.294196,all_to_all
V1,5,1,2.143426,1.582015,5,10,virtual,2.294196,all_to_all
P0,5,0,2.08991,1.586925,,1,pi,2.294196,all_to_all
V0,5,0,2.126809,4.192641,5,10,virtual,2.523805,all_to_all
V1,5,0,2.13778,4.552997,5,10,virtual,2.523805,all_to_all
P0,5,0,2.123762,4.507853,,0,pi,2.523805,all_to_all
V0,6,1,2.125567,1.394299,6,12,virtual,2.793099,all_to_all
V1,6,1,2.130104,1.66938,6,12,virtual,2.793099,all_to_all
P0,6,0,2.162207,1.815452,,0,pi,2.793099,all_to_all
V0,6,0,2.119663,4.413151,6,12,virtual,3.024117,all_to_all
V1,6,0,2.122346,4.643589,6,12,virtual,3.024117,all_to_all
P0,6,0,2.182917,4.826303,,0,pi,3.024117,all_to_all
V0,7,1,2.110621,1.556123,7,14,virtual,3.301069,all_to_all
V1,7,1,2.11254,1.742993,7,14,virtual,3.301069,all_to_all
P0,7,0,2.180882,2.145775,,2,pi,3.301069,all_to_all
V0,7,0,2.100156,4.540706,7,14,virtual,3.524176,all_to_all
V1,7,0,2.101628,4.678894,7,14,virtual,3.524176,all_to_all
P0,7,0,2.177438,5.081018,,0,pi,3.524176,all_to_all
V0,8,1,2.090958,0.799153,8,16,virtual,3.728571,all_to_all
V1,8,1,2.09211,0.896753,8,16,virtual,3.728571,all_to_all
P0,8,0,2.175992,1.568919,,0,pi,3.728571,all_to_all
V0,8,0,2.081231,3.781239,8,16,virtual,3.95783,all_to_all
V1,8,0,2.082064,3.836284,8,16,virtual,3.95783,all_to_all
P0,8,0,2.166266,4.567947,,0,pi,3.95783,all_to_all
V0,9,1,2.071668,0.904099,9,18,virtual,4.224992,all_to_all
V1,9,1,2.072584,0.919898,9,18,virtual,4.224992,all_to_all
P0,9,0,2.148849,1.651982,,0,pi,4.224992,all_to_all
V0,9,0,2.064514,3.887393,9,18,virtual,4.457979,all_to_all
V1,9,0,2.068582,3.897448,9,18,virtual,4.457979,all_to_all
P0,9,0,2.133305,4.518003,,0,pi,4.457979,all_to_all
V0,10,1,2.058373,0.578588,10,20,virtual,4.725398,all_to_all
V1,10,1,2.066352,0.601709,10,20,virtual,4.725398,all_to_all
P0,10,0,2.124067,1.619153,,0,pi,4.725398,all_to_all
V0,10,0,2.052536,3.962605,10,20,virtual,4.958205,all_to_all
V1,10,0,2.064667,4.004965,10,20,virtual,4.958205,all_to_all
P0,10,0,2.115572,4.475582,,0,pi,4.958205,all_to_all
V0,11,1,2.047319,1.049846,11,22,virtual,5.226631,all_to_all
V1,11,1,2.062638,1.118143,11,22,virtual,5.226631,all_to_all
P0,11,0,2.109564,1.526755,,0,pi,5.226631,all_to_all
V0,11,0,2.041493,3.566511,11,22,virtual,5.458346,all_to_all
V1,11,0,2.056391,3.648985,11,22,virtual,5.458346,all_to_all
P0,11,0,2.098485,4.346224,,0,pi,5.458346,all_to_all
V0,12,1,2.033408,0.62028,11,23,virtual,5.741785,all_to_all
V1,12,1,2.046398,0.71386,11,23,virtual,5.741785,all_to_all
P0,12,0,2.07988,1.49757,,0,pi,5.741785,all_to_all
V0,12,0,2.02705,3.516841,12,24,virtual,5.958553,all_to_all
V1,12,0,2.038273,3.61517,12,24,virtual,5.958553,all_to_all
P0,12,0,2.067922,4.037825,,0,pi,5.958553,all_to_all
V0,13,1,2.020086,0.935809,13,26,virtual,6.260649,all_to_all
V1,13,1,2.029308,1.035469,13,26,virtual,6.260649,all_to_all
P0,13,0,2.065355,1.463382,,0,pi,6.260649,all_to_all
V0,13,0,2.015567,3.815206,13,26,virtual,6.492345,all_to_all
V1,13,0,2.023515,3.913336,13,26,virtual,6.492345,all_to_all
P0,13,0,2.054901,4.249426,,0,pi,6.492345,all_to_all
V0,15,1,2.010242,1.644719,14,28,virtual,6.759818,all_to_all
V1,14,1,2.016698,1.733918,14,29,virtual,6.759818,all_to_all
P0,15,1,2.042774,1.241816,,0,pi,6.759818,all_to_all
V0,15,0,2.008005,3.676185,15,29,virtual,6.992685,all_to_all
V1,14,0,2.013825,3.747758,15,30,virtual,6.992685,all_to_all
P0,15,0,2.029801,4.072129,,0,pi,6.992685,all_to_all
V0,16,1,2.004561,1.009268,16,31,virtual,7.29593,all_to_all
V1,15,1,2.009396,1.045922,16,32,virtual,7.29593,all_to_all
P0,16,0,2.012284,1.446333,,0,pi,7.29593,all_to_all
V0,16,0,2.002321,3.845069,16,31,virtual,7.526086,all_to_all
V1,15,0,2.006514,3.874232,16,32,virtual,7.526086,all_to_all
P0,16,0,1.996746,4.119092,,0,pi,7.526086,all_to_all
V0,17,1,1.999904,1.230767,17,33,virtual,7.832279,all_to_all
V1,16,1,2.003411,1.259594,17,34,virtual,7.832279,all_to_all
P0,17,0,1.983322,1.389847,,2,pi,7.832279,all_to_all
V0,17,0,1.998314,4.080571,17,33,virtual,8.059631,all_to_all
V1,16,0,2.001392,4.109872,17,34,virtual,8.059631,all_to_all
P0,17,0,1.972002,4.102841,,0,pi,8.059631,all_to_all
V0,18,1,1.996591,1.455696,18,35,virtual,8.365603,all_to_all
V1,17,1,1.999218,1.485113,18,36,virtual,8.365603,all_to_all
P0,18,0,1.962409,1.562988,,2,pi,8.365603,all_to_all
V0,18,0,1.995457,4.277129,18,35,virtual,8.593392,all_to_all
V1,17,0,1.997803,4.306113,18,36,virtual,8.593392,all_to_all
P0,18,0,1.954247,4.327791,,0,pi,8.593392,all_to_all
V0,19,1,1.994218,1.620034,19,37,virtual,8.860966,all_to_all
V1,18,1,1.996257,1.648073,19,38,virtual,8.860966,all_to_all
P0,19,0,1.94821,1.285865,,0,pi,8.860966,all_to_all
V0,19,0,1.993451,4.049918,19,37,virtual,9.093473,all_to_all
V1,18,0,1.995303,4.077058,19,38,virtual,9.093473,all_to_all
P0,19,0,1.941368,4.028359,,0,pi,9.093473,all_to_all
V0,20,1,1.991658,1.418821,20,39,virtual,9.396857,all_to_all
V1,19,1,1.993902,1.444763,20,40,virtual,9.396857,all_to_all
P0,20,0,1.933056,1.272974,,0,pi,9.396857,all_to_all
V0,20,0,1.98495,4.229006,20,39,virtual,9.626939,all_to_all
V1,19,0,1.990192,4.25969,20,40,virtual,9.626939,all_to_all
P0,20,0,1.926158,3.87791,,0,pi,9.626939,all_to_all
V0,21,1,1.974022,1.526319,21,41,virtual,9.85976,all_to_all
V1,20,1,1.98359,1.575074,21,42,virtual,9.85976,all_to_all
P0,21,1,1.921333,0.247203,,0,pi,9.85976,all_to_all
V0,21,1,1.967005,3.103527,21,41,virtual,10.060913,all_to_all
V1,20,1,1.978241,3.160266,21,42,virtual,10.060913,all_to_all
P0,21,0,1.918503,2.582655,,0,pi,10.060913,all_to_all
V0,21,0,1.953705,5.840591,21,41,virtual,10.297436,all_to_all
V1,20,0,1.967496,5.914458,21,42,virtual,10.297436,all_to_all
P0,21,0,1.914144,5.300176,,0,pi,10.297436,all_to_all
V0,22,1,1.944345,1.895568,22,43,virtual,10.510685,all_to_all
V1,21,1,1.957729,1.974414,22,44,virtual,10.510685,all_to_all
P0,22,0,1.911948,1.514925,,0,pi,10.510685,all_to_all
V0,22,0,1.9365,4.615111,22,43,virtual,10.727725,all_to_all
V1,21,0,1.945306,4.673803,22,44,virtual,10.727725,all_to_all
P0,22,0,1.907972,3.981692,,0,pi,10.727725,all_to_all
V0,23,1,1.928805,1.424385,22,44,virtual,10.96039,all_to_all
V1,22,1,1.932361,1.448511,22,45,virtual,10.96039,all_to_all
P0,23,1,1.903033,0.295251,,0,pi,10.96039,all_to_all
V0,23,1,1.924146,2.957236,23,45,virtual,11.161396,all_to_all
V1,22,1,1.926592,2.974598,23,46,virtual,11.161396,all_to_all
P0,23,0,1.900395,2.624332,,0,pi,11.161396,all_to_all
V0,23,0,1.916011,5.628601,23,45,virtual,11.393767,all_to_all
V1,22,0,1.91761,5.642112,23,46,virtual,11.393767,all_to_all
P0,23,0,1.896235,5.33091,,0,pi,11.393767,all_to_all
V0,24,1,1.90967,1.63027,24,47,virtual,11.596198,all_to_all
V1,23,1,1.910933,1.642918,24,48,virtual,11.596198,all_to_all
P0,24,0,1.894149,1.433903,,2,pi,11.596198,all_to_all
V0,24,0,1.90232,4.6804,24,47,virtual,11.82802,all_to_all
V1,23,0,1.903304,4.692504,24,48,virtual,11.82802,all_to_all
P0,24,0,1.891563,4.1561,,0,pi,11.82802,all_to_all
V0,25,1,1.89612,1.443468,25,49,virtual,12.131701,all_to_all
V1,24,1,1.896911,1.454949,25,50,virtual,12.131701,all_to_all
P0,25,0,1.889938,1.453899,,2,pi,12.131701,all_to_all
V0,25,0,1.891428,4.099068,25,49,virtual,12.361849,all_to_all
V1,24,0,1.89214,4.110017,25,50,virtual,12.361849,all_to_all
P0,25,0,1.88871,4.159927,,0,pi,12.361849,all_to_all
V0,26,1,1.886342,1.229955,26,51,virtual,12.665152,all_to_all
V1,25,1,1.886984,1.240308,26,52,virtual,12.665152,all_to_all
P0,26,0,1.887543,1.445635,,2,pi,12.665152,all_to_all
V0,26,0,1.883088,3.895785,26,51,virtual,12.895371,all_to_all
V1,25,0,1.883655,3.905584,26,52,virtual,12.895371,all_to_all
P0,26,0,1.885877,4.145006,,0,pi,12.895371,all_to_all
V0,27,1,1.878663,1.425583,27,53,virtual,13.226041,all_to_all
V1,26,1,1.879713,1.434803,27,54,virtual,13.226041,all_to_all
P0,27,0,1.884106,1.748284,,0,pi,13.226041,all_to_all
V0,27,0,1.874221,3.704019,27,53,virtual,13.428865,all_to_all
V1,26,0,1.877661,3.71696,27,54,virtual,13.428865,all_to_all
P0,27,0,1.882662,4.038106,,0,pi,13.428865,all_to_all
V0,28,1,1.867424,0.828489,27,54,virtual,13.661548,all_to_all
V1,27,1,1.875004,0.858158,27,55,virtual,13.661548,all_to_all
P0,28,1,1.881044,0.234417,,0,pi,13.661548,all_to_all
V0,28,1,1.864689,2.341585,28,55,virtual,13.862658,all_to_all
V1,27,1,1.873967,2.379022,28,56,virtual,13.862658,all_to_all
P0,28,0,1.880818,2.507657,,0,pi,13.862658,all_to_all
V0,28,0,1.860404,4.983228,28,55,virtual,14.095211,all_to_all
V1,27,0,1.872348,5.036971,28,56,virtual,14.095211,all_to_all
P0,28,0,1.881413,5.194956,,0,pi,14.095211,all_to_all
V0,29,1,1.85721,0.960823,29,57,virtual,14.302855,all_to_all
V1,28,1,1.87083,1.031869,29,58,virtual,14.302855,all_to_all
P0,29,0,1.882006,1.351379,,0,pi,14.302855,all_to_all
V0,29,0,1.853963,3.597366,29,57,virtual,14.529443,all_to_all
V1,28,0,1.866901,3.681263,29,58,virtual,14.529443,all_to_all
P0,29,0,1.882203,3.927796,,0,pi,14.529443,all_to_all
V0,30,1,1.850456,0.705538,29,58,virtual,14.762017,all_to_all
V1,29,1,1.861282,0.795578,29,59,virtual,14.762017,all_to_all
P0,30,1,1.881045,0.161182,,0,pi,14.762017,all_to_all
V0,30,1,1.849113,2.214653,30,59,virtual,14.9631,all_to_all
V1,29,1,1.857979,2.296389,30,60,virtual,14.9631,all_to_all
P0,30,0,1.880273,2.398883,,0,pi,14.9631,all_to_all
V0,30,0,1.847312,4.476135,30,59,virtual,15.16311,all_to_all
V1,29,0,1.852506,4.534422,30,60,virtual,15.16311,all_to_all
P0,30,0,1.879144,4.565998,,0,pi,15.16311,all_to_all
V0,31,1,1.845168,1.20628,31,61,virtual,15.430416,all_to_all
V1,30,1,1.846091,1.227338,31,62,virtual,15.430416,all_to_all
P0,31,0,1.878116,1.262448,,0,pi,15.430416,all_to_all
V0,31,0,1.841386,3.825312,31,61,virtual,15.663173,all_to_all
V1,30,0,1.841239,3.834901,31,62,virtual,15.663173,all_to_all
P0,31,0,1.874932,3.811094,,0,pi,15.663173,all_to_all
V0,32,1,1.835544,0.893145,31,62,virtual,15.895864,all_to_all
V1,31,1,1.835156,0.898091,31,63,virtual,15.895864,all_to_all
P0,32,1,1.870133,0.075583,,0,pi,15.895864,all_to_all
V0,32,1,1.831151,2.374332,32,63,virtual,16.096877,all_to_all
V1,31,1,1.830756,2.378233,32,64,virtual,16.096877,all_to_all
P0,32,0,1.866998,2.330943,,0,pi,16.096877,all_to_all
V0,32,0,1.821776,4.949229,32,63,virtual,16.330093,all_to_all
V1,31,0,1.821401,4.951811,32,64,virtual,16.330093,all_to_all
P0,32,0,1.860508,4.877881,,0,pi,16.330093,all_to_all
V0,33,1,1.812726,1.223928,33,65,virtual,16.572255,all_to_all
V1,32,1,1.812381,1.225521,33,66,virtual,16.572255,all_to_all
P0,33,0,1.856147,1.301234,,2,pi,16.572255,all_to_all
V0,33,0,1.804655,3.775403,33,65,virtual,16.797094,all_to_all
V1,32,0,1.804337,3.776238,33,66,virtual,16.797094,all_to_all
P0,33,0,1.853533,3.858081,,0,pi,16.797094,all_to_all
V0,34,1,1.796725,0.398005,33,66,virtual,17.029519,all_to_all
V1,33,1,1.796436,0.398145,33,67,virtual,17.029519,all_to_all
P0,34,1,1.85273,0.271138,,0,pi,17.029519,all_to_all
V0,34,1,1.793233,1.85618,34,67,virtual,17.230826,all_to_all
V1,33,1,1.792963,1.856046,34,68,virtual,17.230826,all_to_all
P0,34,0,1.852245,2.60018,,1,pi,17.230826,all_to_all
V0,34,0,1.787113,4.782221,34,67,virtual,17.4633,all_to_all
V1,33,0,1.786883,4.781679,34,68,virtual,17.4633,all_to_all
P0,34,0,1.848183,5.115664,,0,pi,17.4633,all_to_all
V0,35,1,1.78257,1.054615,35,69,virtual,17.709025,all_to_all
V1,34,1,1.782372,1.053831,35,70,virtual,17.709025,all_to_all
P0,35,0,1.84525,1.543334,,0,pi,17.709025,all_to_all
V0,35,0,1.779137,3.233898,35,69,virtual,17.931095,all_to_all
V1,34,0,1.778964,3.232972,35,70,virtual,17.931095,all_to_all
P0,35,0,1.842665,3.920347,,0,pi,17.931095,all_to_all
V0,36,1,1.774732,0.209285,35,69,virtual,18.163395,all_to_all
V1,35,1,1.774591,0.208233,35,70,virtual,18.163395,all_to_all
P0,36,1,1.841418,0.129498,,0,pi,18.163395,all_to_all
V0,36,1,1.773003,1.658683,36,71,virtual,18.363851,all_to_all
V1,35,1,1.772874,1.657602,36,72,virtual,18.363851,all_to_all
P0,36,0,1.840997,2.349361,,0,pi,18.363851,all_to_all
V0,36,0,1.770633,3.835538,36,71,virtual,18.564519,all_to_all
V1,35,0,1.77052,3.834434,36,72,virtual,18.564519,all_to_all
P0,36,0,1.837963,4.457102,,0,pi,18.564519,all_to_all
V0,37,1,1.767587,0.81674,37,73,virtual,18.866387,all_to_all
V1,36,1,1.767494,0.815643,37,74,virtual,18.866387,all_to_all
P0,37,0,1.832644,1.364781,,0,pi,18.866387,all_to_all
V0,37,0,1.765584,3.347079,37,73,virtual,19.098134,all_to_all
V1,36,0,1.765505,3.346012,37,74,virtual,19.098134,all_to_all
P0,37,0,1.829185,3.766336,,0,pi,19.098134,all_to_all
V0,37,0,1.763861,5.873092,37,73,virtual,19.330666,all_to_all
V1,36,0,1.763793,5.872069,37,74,virtual,19.330666,all_to_all
P0,37,0,1.828029,6.245257,,0,pi,19.330666,all_to_all
V0,38,1,1.762557,1.747593,38,75,virtual,19.53181,all_to_all
V1,37,1,1.762498,1.746615,38,76,virtual,19.53181,all_to_all
P0,38,0,1.827165,2.155351,,0,pi,19.53181,all_to_all
V0,38,0,1.761356,3.889129,38,75,virtual,19.731958,all_to_all
V1,37,0,1.761304,3.888201,38,76,virtual,19.731958,all_to_all
P0,38,0,1.823795,4.281446,,0,pi,19.731958,all_to_all
V0,39,1,1.759797,0.815914,39,77,virtual,20.039042,all_to_all
V1,38,1,1.759754,0.815066,39,78,virtual,20.039042,all_to_all
P0,39,0,1.819159,1.328678,,0,pi,20.039042,all_to_all
V0,39,0,1.75879,3.325706,39,77,virtual,20.265318,all_to_all
V1,38,0,1.758754,3.324921,39,78,virtual,20.265318,all_to_all
P0,39,0,1.809513,3.703534,,0,pi,20.265318,all_to_all
V0,39,0,1.757935,5.842769,39,77,virtual,20.501335,all_to_all
V1,38,0,1.757904,5.842046,39,78,virtual,20.501335,all_to_all
P0,39,0,1.792663,6.116563,,0,pi,20.501335,all_to_all
V0,40,1,1.755259,2.068667,40,79,virtual,20.732283,all_to_all
V1,39,1,1.755233,2.068006,40,80,virtual,20.732283,all_to_all
P0,40,0,1.783185,2.251932,,0,pi,20.732283,all_to_all
V0,40,0,1.749139,4.550227,40,79,virtual,20.965535,all_to_all
V1,39,0,1.749116,4.549623,40,80,virtual,20.965535,all_to_all
P0,40,0,1.780609,4.700641,,0,pi,20.965535,all_to_all
V0,41,1,1.742428,1.088238,41,81,virtual,21.243728,all_to_all
V1,40,1,1.742409,1.087698,41,82,virtual,21.243728,all_to_all
P0,41,0,1.78124,1.399694,,0,pi,21.243728,all_to_all
V0,41,0,1.737456,3.558183,41,81,virtual,21.465851,all_to_all
V1,40,0,1.73744,3.557694,41,82,virtual,21.465851,all_to_all
P0,41,0,1.775109,3.70147,,0,pi,21.465851,all_to_all
V0,41,0,1.732876,6.02414,41,81,virtual,21.69856,all_to_all
V1,40,0,1.732862,6.023699,41,82,virtual,21.69856,all_to_all
P0,41,0,1.761947,6.063282,,0,pi,21.69856,all_to_all
V0,42,1,1.728285,1.85133,42,83,virtual,21.899762,all_to_all
V1,41,1,1.728272,1.850926,42,84,virtual,21.899762,all_to_all
P0,42,0,1.75635,1.891633,,0,pi,21.899762,all_to_all
V0,42,0,1.722,4.312129,42,83,virtual,22.132787,all_to_all
V1,41,0,1.721989,4.311767,42,84,virtual,22.132787,all_to_all
P0,42,0,1.756234,4.344581,,0,pi,22.132787,all_to_all
V0,43,1,1.714119,1.179036,43,85,virtual,22.436592,all_to_all
V1,42,1,1.71411,1.178722,43,86,virtual,22.436592,all_to_all
P0,43,0,1.759693,1.344542,,0,pi,22.436592,all_to_all
V0,43,0,1.706795,3.615539,43,85,virtual,22.666372,all_to_all
V1,42,0,1.706788,3.615258,43,86,virtual,22.666372,all_to_all
P0,43,0,1.756165,3.74198,,0,pi,22.666372,all_to_all
V0,43,0,1.69985,6.038356,43,85,virtual,22.89896,all_to_all
V1,42,0,1.699844,6.038105,43,86,virtual,22.89896,all_to_all
P0,43,0,1.745609,6.076384,,0,pi,22.89896,all_to_all
V0,44,1,1.694602,1.826208,44,87,virtual,23.099932,all_to_all
V1,43,1,1.694596,1.825981,44,88,virtual,23.099932,all_to_all
P0,44,0,1.739644,1.889861,,0,pi,23.099932,all_to_all
V0,44,0,1.690033,3.895756,44,87,virtual,23.299939,all_to_all
V1,43,0,1.690028,3.895551,44,88,virtual,23.299939,all_to_all
P0,44,0,1.732213,3.996519,,0,pi,23.299939,all_to_all
V0,45,1,1.684828,0.365051,44,88,virtual,23.532667,all_to_all
V1,44,1,1.684824,0.364871,44,89,virtual,23.532667,all_to_all
P0,45,1,1.724999,0.191806,,0,pi,23.532667,all_to_all
V0,45,1,1.682554,1.741731,45,89,virtual,23.73394,all_to_all
V1,44,1,1.68255,1.741564,45,90,virtual,23.73394,all_to_all
P0,45,0,1.721393,2.332575,,0,pi,23.73394,all_to_all
V0,45,0,1.679031,4.151356,45,89,virtual,23.966213,all_to_all
V1,44,0,1.679027,4.151207,45,90,virtual,23.966213,all_to_all
P0,45,0,1.715793,4.669375,,0,pi,23.966213,all_to_all
V0,46,1,1.675621,0.617692,46,91,virtual,24.238244,all_to_all
V1,45,1,1.675618,0.617563,46,92,virtual,24.238244,all_to_all
P0,46,0,1.711633,1.143077,,0,pi,24.238244,all_to_all
V0,46,0,1.673097,3.013234,46,91,virtual,24.467449,all_to_all
V1,45,0,1.673094,3.01312,46,92,virtual,24.467449,all_to_all
P0,46,0,1.702689,3.38956,,0,pi,24.467449,all_to_all
V0,46,0,1.670936,5.403714,46,91,virtual,24.700002,all_to_all
V1,45,0,1.670934,5.403613,46,92,virtual,24.700002,all_to_all
P0,46,0,1.687457,5.630543,,0,pi,24.700002,all_to_all
V0,47,1,1.668571,2.183184,48,94,virtual,25.003691,all_to_all
V1,46,1,1.66857,2.183098,48,95,virtual,25.003691,all_to_all
P0,48,0,1.679722,2.44234,,0,pi,25.003691,all_to_all
V0,47,0,1.666986,4.500048,48,94,virtual,25.234402,all_to_all
V1,46,0,1.666984,4.499972,48,95,virtual,25.234402,all_to_all
P0,48,0,1.674359,4.809834,,0,pi,25.234402,all_to_all
V0,48,1,1.665442,0.846023,49,96,virtual,25.50186,all_to_all
V1,47,1,1.66544,0.845957,49,97,virtual,25.50186,all_to_all
P0,49,0,1.67301,1.334704,,0,pi,25.50186,all_to_all
V0,48,0,1.664317,3.190946,49,96,virtual,25.734573,all_to_all
V1,47,0,1.664316,3.190888,49,97,virtual,25.734573,all_to_all
P0,49,0,1.664452,3.670958,,0,pi,25.734573,all_to_all
V0,48,0,1.663364,5.561372,49,96,virtual,25.96722,all_to_all
V1,47,0,1.663364,5.561322,49,97,virtual,25.96722,all_to_all
P0,49,0,1.653884,5.94758,,0,pi,25.96722,all_to_all
V0,49,1,1.662189,1.314979,50,98,virtual,26.16741,all_to_all
V1,48,1,1.662188,1.314933,50,99,virtual,26.16741,all_to_all
P0,50,0,1.646991,1.633887,,1,pi,26.16741,all_to_all
V0,49,0,1.659614,3.346671,50,98,virtual,26.368259,all_to_all
V1,48,0,1.659613,3.34663,50,99,virtual,26.368259,all_to_all
P0,50,0,1.638014,3.538772,,0,pi,26.368259,all_to_all
V0,49,0,1.656345,5.711825,50,98,virtual,26.60079,all_to_all
V1,48,0,1.656345,5.71179,50,99,virtual,26.60079,all_to_all
P0,50,0,1.630225,5.760098,,0,pi,26.60079,all_to_all
V0,50,1,1.653752,1.453851,51,100,virtual,26.800833,all_to_all
V1,49,1,1.653752,1.453819,51,101,virtual,26.800833,all_to_all
P0,51,0,1.625592,1.416015,,0,pi,26.800833,all_to_all
V0,50,0,1.651394,3.464455,51,100,virtual,27.001974,all_to_all
V1,49,0,1.651394,3.464426,51,101,virtual,27.001974,all_to_all
P0,51,0,1.618129,3.30237,,0,pi,27.001974,all_to_all
V0,50,0,1.648974,5.802647,51,100,virtual,27.2343,all_to_all
V1,49,0,1.648973,5.802623,51,101,virtual,27.2343,all_to_all
P0,51,0,1.609474,5.470963,,0,pi,27.2343,all_to_all
V0,51,1,1.646311,1.520278,52,102,virtual,27.442337,all_to_all
V1,50,1,1.64631,1.520255,52,103,virtual,27.442337,all_to_all
P0,52,0,1.604928,1.186236,,0,pi,27.442337,all_to_all
V0,51,0,1.638444,3.819562,52,102,virtual,27.668761,all_to_all
V1,50,0,1.638444,3.819542,52,103,virtual,27.668761,all_to_all
P0,52,0,1.598843,3.287784,,0,pi,27.668761,all_to_all
V0,51,0,1.629402,6.092286,52,102,virtual,27.901425,all_to_all
V1,50,0,1.629402,6.092268,52,103,virtual,27.901425,all_to_all
P0,52,0,1.594318,5.452221,,0,pi,27.901425,all_to_all
V0,52,1,1.622205,1.74708,53,104,virtual,28.107691,all_to_all
V1,51,1,1.622205,1.747065,53,105,virtual,28.107691,all_to_all
P0,53,0,1.59212,1.147399,,2,pi,28.107691,all_to_all
V0,52,0,1.614769,3.992467,53,104,virtual,28.335728,all_to_all
V1,51,0,1.614768,3.992453,53,105,virtual,28.335728,all_to_all
P0,53,0,1.589182,3.366923,,0,pi,28.335728,all_to_all
V0,52,0,1.608356,6.228223,53,104,virtual,28.568491,all_to_all
V1,51,0,1.608355,6.228212,53,105,virtual,28.568491,all_to_all
P0,53,0,1.586217,5.663841,,0,pi,28.568491,all_to_all
V0,53,1,1.603576,1.857606,54,106,virtual,28.768759,all_to_all
V1,52,1,1.603576,1.857595,54,107,virtual,28.768759,all_to_all
P0,54,0,1.584607,1.363112,,2,pi,28.768759,all_to_all
V0,53,0,1.599373,3.777394,54,106,virtual,28.969731,all_to_all
V1,52,0,1.599373,3.777385,54,107,virtual,28.969731,all_to_all
P0,54,0,1.580583,3.277677,,0,pi,28.969731,all_to_all
V0,53,0,1.595122,6.019922,54,106,virtual,29.202176,all_to_all
V1,52,0,1.595122,6.019914,54,107,virtual,29.202176,all_to_all
P0,54,0,1.575273,5.447372,,0,pi,29.202176,all_to_all
V0,54,1,1.592318,1.340022,55,108,virtual,29.404063,all_to_all
V1,53,1,1.592318,1.340014,55,109,virtual,29.404063,all_to_all
P0,55,0,1.572399,1.081976,,0,pi,29.404063,all_to_all
V0,54,0,1.58463,3.891967,55,108,virtual,29.636396,all_to_all
V1,53,0,1.58463,3.891961,55,109,virtual,29.636396,all_to_all
P0,55,0,1.567065,3.23066,,0,pi,29.636396,all_to_all
V0,54,0,1.577365,6.110225,55,108,virtual,29.869206,all_to_all
V1,53,0,1.577365,6.11022,55,109,virtual,29.869206,all_to_all
P0,55,0,1.561924,5.379678,,0,pi,29.869206,all_to_all
V0,55,1,1.572595,1.401715,56,110,virtual,30.07498,all_to_all
V1,54,1,1.572595,1.40171,56,111,virtual,30.07498,all_to_all
P0,56,0,1.559963,1.061228,,2,pi,30.07498,all_to_all
V0,55,0,1.566614,3.596304,56,110,virtual,30.303455,all_to_all
V1,54,0,1.566614,3.5963,56,111,virtual,30.303455,all_to_all
P0,56,0,1.557069,3.248287,,0,pi,30.303455,all_to_all
V0,55,0,1.560766,6.098334,56,110,virtual,30.536194,all_to_all
V1,54,0,1.560766,6.09833,56,111,virtual,30.536194,all_to_all
P0,56,0,1.55524,5.512738,,0,pi,30.536194,all_to_all
V0,56,1,1.556082,1.684089,57,112,virtual,30.738332,all_to_all
V1,55,1,1.556082,1.684086,57,113,virtual,30.738332,all_to_all
P0,57,0,1.554337,1.201179,,2,pi,30.738332,all_to_all
V0,56,0,1.550835,3.546097,57,112,virtual,30.97037,all_to_all
V1,55,0,1.550835,3.546094,57,113,virtual,30.97037,all_to_all
P0,57,0,1.551704,3.443825,,0,pi,30.97037,all_to_all
V0,56,0,1.545118,5.712783,57,112,virtual,31.203262,all_to_all
V1,55,0,1.545118,5.71278,57,113,virtual,31.203262,all_to_all
P0,57,0,1.548801,5.681759,,0,pi,31.203262,all_to_all
V0,57,1,1.540175,1.284151,58,114,virtual,31.404198,all_to_all
V1,56,1,1.540175,1.284148,58,115,virtual,31.404198,all_to_all
P0,58,0,1.547269,1.336674,,0,pi,31.404198,all_to_all
V0,57,0,1.53378,3.456221,58,114,virtual,31.63754,all_to_all
V1,56,0,1.53378,3.456219,58,115,virtual,31.63754,all_to_all
P0,58,0,1.545003,3.589262,,0,pi,31.63754,all_to_all
V0,57,0,1.527883,5.625027,58,114,virtual,31.870262,all_to_all
V1,56,0,1.527883,5.625025,58,115,virtual,31.870262,all_to_all
P0,58,0,1.543112,5.837917,,0,pi,31.870262,all_to_all
V0,58,1,1.523808,1.197421,59,116,virtual,32.070437,all_to_all
V1,57,1,1.523808,1.19742,59,117,virtual,32.070437,all_to_all
P0,59,0,1.542163,1.489948,,0,pi,32.070437,all_to_all
V0,58,0,1.52149,3.057262,59,116,virtual,32.27123,all_to_all
V1,57,0,1.52149,3.05726,59,117,virtual,32.27123,all_to_all
P0,59,0,1.539889,3.341053,,0,pi,32.27123,all_to_all
V0,58,0,1.519689,5.22939,59,116,virtual,32.503859,all_to_all
V1,57,0,1.519689,5.229389,59,117,virtual,32.503859,all_to_all
P0,59,0,1.536147,5.368204,,0,pi,32.503859,all_to_all
V0,59,1,1.518228,1.119154,60,118,virtual,32.743663,all_to_all
V1,58,1,1.518228,1.119153,60,119,virtual,32.743663,all_to_all
P0,60,0,1.533524,1.231673,,0,pi,32.743663,all_to_all
V0,59,0,1.515455,3.266039,60,118,virtual,32.971772,all_to_all
V1,58,0,1.515455,3.266038,60,119,virtual,32.971772,all_to_all
P0,60,0,1.531648,3.235141,,0,pi,32.971772,all_to_all
V0,59,0,1.512303,5.398673,60,118,virtual,33.2042,all_to_all
V1,58,0,1.512303,5.398672,60,119,virtual,33.2042,all_to_all
P0,60,0,1.531,5.317448,,0,pi,33.2042,all_to_all
V0,60,1,1.509411,1.246464,61,120,virtual,33.441421,all_to_all
V1,59,1,1.509411,1.246464,61,121,virtual,33.441421,all_to_all
P0,61,0,1.530763,1.223784,,2,pi,33.441421,all_to_all
V0,60,0,1.506854,3.372544,61,120,virtual,33.671927,all_to_all
V1,59,0,1.506854,3.372543,61,121,virtual,33.671927,all_to_all
P0,61,0,1.530677,3.375636,,0,pi,33.671927,all_to_all
V0,60,0,1.504638,5.497066,61,120,virtual,33.904497,all_to_all
V1,59,0,1.504638,5.497066,61,121,virtual,33.904497,all_to_all
P0,61,0,1.530698,5.581292,,0,pi,33.904497,all_to_all
V0,61,1,1.502983,1.034318,62,122,virtual,34.106162,all_to_all
V1,60,1,1.502983,1.034318,62,123,virtual,34.106162,all_to_all
P0,62,0,1.53072,1.225191,,0,pi,34.106162,all_to_all
V0,61,0,1.501281,3.156291,62,122,virtual,34.339135,all_to_all
V1,60,0,1.501281,3.15629,62,123,virtual,34.339135,all_to_all
P0,62,0,1.529761,3.367859,,0,pi,34.339135,all_to_all
V0,61,0,1.499813,5.281023,62,122,virtual,34.57141,all_to_all
V1,60,0,1.499813,5.281023,62,123,virtual,34.57141,all_to_all
P0,62,0,1.527344,5.385971,,0,pi,34.57141,all_to_all
V0,62,1,1.498412,1.431653,64,125,virtual,34.772444,all_to_all
V1,61,1,1.498412,1.431653,64,126,virtual,34.772444,all_to_all
P0,64,1,1.525901,0.904218,,0,pi,34.772444,all_to_all
V0,62,0,1.49783,2.635617,64,125,virtual,34.972776,all_to_all
V1,61,0,1.49783,2.635617,64,126,virtual,34.972776,all_to_all
P0,64,0,1.524058,2.720682,,0,pi,34.972776,all_to_all
V0,62,0,1.497064,4.429328,64,125,virtual,35.172823,all_to_all
V1,61,0,1.497064,4.429328,64,126,virtual,35.172823,all_to_all
P0,64,0,1.52139,4.534145,,0,pi,35.172823,all_to_all
V0,63,1,1.496129,0.539582,65,127,virtual,35.477248,all_to_all
V1,62,1,1.496129,0.539581,65,128,virtual,35.477248,all_to_all
P0,65,0,1.518238,1.056777,,0,pi,35.477248,all_to_all
V0,63,0,1.493997,2.661503,65,127,virtual,35.706554,all_to_all
V1,62,0,1.493997,2.661503,65,128,virtual,35.706554,all_to_all
P0,65,0,1.512757,3.09645,,0,pi,35.706554,all_to_all
V0,63,0,1.491094,5.098723,65,127,virtual,35.938873,all_to_all
V1,62,0,1.491094,5.098723,65,128,virtual,35.938873,all_to_all
P0,65,0,1.502664,5.063165,,0,pi,35.938873,all_to_all
V0,64,1,1.489137,0.951052,66,129,virtual,36.212788,all_to_all
V1,63,1,1.489137,0.951052,66,130,virtual,36.212788,all_to_all
P0,66,0,1.495295,1.18333,,0,pi,36.212788,all_to_all
V0,64,0,1.488936,3.3786,66,129,virtual,36.440171,all_to_all
V1,63,0,1.488936,3.3786,66,130,virtual,36.440171,all_to_all
P0,66,0,1.490858,3.119147,,0,pi,36.440171,all_to_all
V0,64,0,1.489197,5.196819,66,129,virtual,36.672699,all_to_all
V1,63,0,1.489197,5.196819,66,130,virtual,36.672699,all_to_all
P0,66,0,1.490347,5.1681,,0,pi,36.672699,all_to_all
V0,65,1,1.4892,1.037837,67,131,virtual,36.911665,all_to_all
V1,64,1,1.4892,1.037836,67,132,virtual,36.911665,all_to_all
P0,67,0,1.490542,1.034583,,2,pi,36.911665,all_to_all
V0,65,0,1.487748,3.146704,67,131,virtual,37.140524,all_to_all
V1,64,0,1.487748,3.146704,67,132,virtual,37.140524,all_to_all
P0,67,0,1.491045,3.131155,,0,pi,37.140524,all_to_all
V0,65,0,1.486021,5.249411,67,131,virtual,37.373032,all_to_all
V1,64,0,1.486021,5.249411,67,132,virtual,37.373032,all_to_all
P0,67,0,1.491563,5.30096,,0,pi,37.373032,all_to_all
V0,66,1,1.484347,1.070145,68,133,virtual,37.618796,all_to_all
V1,65,1,1.484347,1.070145,68,134,virtual,37.618796,all_to_all
P0,68,0,1.491903,1.321455,,0,pi,37.618796,all_to_all
V0,66,0,1.481256,3.162778,68,133,virtual,37.840991,all_to_all
V1,65,0,1.481256,3.162778,68,134,virtual,37.840991,all_to_all
P0,68,0,1.487822,3.302883,,0,pi,37.840991,all_to_all
V0,66,0,1.477781,5.247472,68,133,virtual,38.073496,all_to_all
V1,65,0,1.477781,5.247472,68,134,virtual,38.073496,all_to_all
P0,68,0,1.481579,5.319142,,0,pi,38.073496,all_to_all
V0,67,1,1.474457,1.047192,69,135,virtual,38.310236,all_to_all
V1,66,1,1.474457,1.047192,69,136,virtual,38.310236,all_to_all
P0,69,0,1.476581,1.105192,,2,pi,38.310236,all_to_all
V0,67,0,1.468563,3.120852,69,135,virtual,38.541102,all_to_all
V1,66,0,1.468563,3.120852,69,136,virtual,38.541102,all_to_all
P0,69,0,1.475666,3.168774,,0,pi,38.541102,all_to_all
V0,67,0,1.461996,5.181738,69,135,virtual,38.773669,all_to_all
V1,66,0,1.461996,5.181738,69,136,virtual,38.773669,all_to_all
P0,69,0,1.477617,5.307659,,0,pi,38.773669,all_to_all
V0,68,1,1.456002,0.95096,70,137,virtual,39.014448,all_to_all
V1,67,1,1.456002,0.95096,70,138,virtual,39.014448,all_to_all
P0,70,0,1.479295,1.259398,,0,pi,39.014448,all_to_all
V0,68,0,1.450782,3.00476,70,137,virtual,39.241633,all_to_all
V1,67,0,1.450782,3.00476,70,138,virtual,39.241633,all_to_all
P0,70,0,1.47762,3.273962,,0,pi,39.241633,all_to_all
V0,68,0,1.446293,5.055874,70,137,virtual,39.474164,all_to_all
V1,67,0,1.446293,5.055874,70,138,virtual,39.474164,all_to_all
P0,70,0,1.473562,5.27674,,0,pi,39.474164,all_to_all
V0,69,1,1.442446,0.818944,71,139,virtual,39.70862,all_to_all
V1,68,1,1.442446,0.818944,71,140,virtual,39.70862,all_to_all
P0,71,0,1.470585,1.051073,,0,pi,39.70862,all_to_all
V0,69,0,1.439591,2.566981,71,139,virtual,39.908767,all_to_all
V1,68,0,1.439591,2.566981,71,140,virtual,39.908767,all_to_all
P0,71,0,1.466838,2.752096,,0,pi,39.908767,all_to_all
V0,69,0,1.436707,4.603702,71,139,virtual,40.141126,all_to_all
V1,68,0,1.436707,4.603702,71,140,virtual,40.141126,all_to_all
P0,71,0,1.462649,4.717044,,0,pi,40.141126,all_to_all
V0,70,1,1.433917,0.647921,72,141,virtual,40.341373,all_to_all
V1,69,1,1.433917,0.647921,72,142,virtual,40.341373,all_to_all
P0,72,1,1.458693,0.100886,,0,pi,40.341373,all_to_all
V0,70,1,1.432702,1.815882,72,141,virtual,40.542704,all_to_all
V1,69,1,1.432702,1.815882,72,142,virtual,40.542704,all_to_all
P0,72,0,1.456213,1.859206,,0,pi,40.542704,all_to_all
V0,70,0,1.430825,3.863744,72,141,virtual,40.775785,all_to_all
V1,69,0,1.430825,3.863744,72,142,virtual,40.775785,all_to_all
P0,72,0,1.452106,3.890592,,0,pi,40.775785,all_to_all
V0,70,0,1.429436,5.619901,72,141,virtual,40.978322,all_to_all
V1,69,0,1.429436,5.619901,72,142,virtual,40.978322,all_to_all
P0,72,0,1.448972,5.672409,,0,pi,40.978322,all_to_all
V0,71,1,1.428032,1.380341,73,143,virtual,41.208891,all_to_all
V1,70,1,1.428032,1.380341,73,144,virtual,41.208891,all_to_all
P0,73,0,1.446369,1.436028,,2,pi,41.208891,all_to_all
V0,71,0,1.426992,3.119112,73,143,virtual,41.409251,all_to_all
V1,70,0,1.426992,3.119112,73,144,virtual,41.409251,all_to_all
P0,73,0,1.440424,3.165778,,0,pi,41.409251,all_to_all
V0,71,0,1.426081,4.855725,73,143,virtual,41.642013,all_to_all
V1,70,0,1.426081,4.855725,73,144,virtual,41.642013,all_to_all
P0,73,0,1.431479,5.133893,,0,pi,41.642013,all_to_all
V0,72,1,1.425041,0.890907,74,145,virtual,41.912344,all_to_all
V1,71,1,1.425041,0.890907,74,146,virtual,41.912344,all_to_all
P0,74,0,1.422719,1.134584,,0,pi,41.912344,all_to_all
V0,72,0,1.424157,3.208651,74,145,virtual,42.143288,all_to_all
V1,71,0,1.424157,3.208651,74,146,virtual,42.143288,all_to_all
P0,74,0,1.412946,3.012795,,0,pi,42.143288,all_to_all
V0,72,0,1.423587,4.947829,74,145,virtual,42.375658,all_to_all
V1,71,0,1.423587,4.947829,74,146,virtual,42.375658,all_to_all
P0,74,0,1.403864,4.879379,,0,pi,42.375658,all_to_all
V0,73,1,1.422597,0.984806,74,146,virtual,42.576061,all_to_all
V1,72,1,1.422597,0.984806,74,147,virtual,42.576061,all_to_all
P0,75,1,1.396981,0.203996,,0,pi,42.576061,all_to_all
V0,73,1,1.420898,2.132767,75,147,virtual,42.777001,all_to_all
V1,72,1,1.420898,2.132767,75,148,virtual,42.777001,all_to_all
P0,75,0,1.393851,1.912493,,0,pi,42.777001,all_to_all
V0,73,0,1.416799,4.122192,75,147,virtual,43.009183,all_to_all
V1,72,0,1.416799,4.122192,75,148,virtual,43.009183,all_to_all
P0,75,0,1.387296,3.876939,,0,pi,43.009183,all_to_all
V0,73,0,1.413267,5.819995,75,147,virtual,43.209413,all_to_all
V1,72,0,1.413267,5.819995,75,148,virtual,43.209413,all_to_all
P0,75,0,1.382429,5.586833,,0,pi,43.209413,all_to_all
V0,74,1,1.409481,1.231248,76,149,virtual,43.41273,all_to_all
V1,73,1,1.409481,1.231248,76,150,virtual,43.41273,all_to_all
P0,76,0,1.379588,1.048652,,2,pi,43.41273,all_to_all
V0,74,0,1.40312,3.198814,76,149,virtual,43.643906,all_to_all
V1,73,0,1.40312,3.198814,76,150,virtual,43.643906,all_to_all
P0,76,0,1.376464,3.023308,,0,pi,43.643906,all_to_all
V0,74,0,1.396634,5.1563,76,149,virtual,43.876214,all_to_all
V1,73,0,1.396634,5.1563,76,150,virtual,43.876214,all_to_all
P0,76,0,1.374456,5.00769,,0,pi,43.876214,all_to_all
V0,75,1,1.390055,1.099146,77,151,virtual,44.145552,all_to_all
V1,74,1,1.390055,1.099146,77,152,virtual,44.145552,all_to_all
P0,77,0,1.373154,1.030461,,2,pi,44.145552,all_to_all
V0,75,0,1.385085,3.037556,77,151,virtual,44.377484,all_to_all
V1,74,0,1.385085,3.037556,77,152,virtual,44.377484,all_to_all
P0,77,0,1.372902,3.011051,,0,pi,44.377484,all_to_all
V0,75,0,1.380802,4.972743,77,151,virtual,44.609992,all_to_all
V1,74,0,1.380802,4.972743,77,152,virtual,44.609992,all_to_all
P0,77,0,1.373217,4.999689,,0,pi,44.609992,all_to_all
V0,76,1,1.376642,0.900744,78,153,virtual,44.87994,all_to_all
V1,75,1,1.376642,0.900744,78,154,virtual,44.87994,all_to_all
P0,78,0,1.373533,1.033491,,1,pi,44.87994,all_to_all
V0,76,0,1.373515,2.843747,78,153,virtual,45.111005,all_to_all
V1,75,0,1.373515,2.843747,78,154,virtual,45.111005,all_to_all
P0,78,0,1.372879,2.975858,,0,pi,45.111005,all_to_all
V0,76,0,1.370822,4.789371,78,153,virtual,45.343802,all_to_all
V1,75,0,1.370822,4.789371,78,154,virtual,45.343802,all_to_all
P0,78,0,1.371734,4.911703,,0,pi,45.343802,all_to_all
V0,77,1,1.368206,0.729115,79,155,virtual,45.615503,all_to_all
V1,76,1,1.368206,0.729115,79,156,virtual,45.615503,all_to_all
P0,79,0,1.370764,0.90955,,0,pi,45.615503,all_to_all
V0,77,0,1.366242,2.670764,79,155,virtual,45.844842,all_to_all
V1,76,0,1.366242,2.670764,79,156,virtual,45.844842,all_to_all
P0,79,0,1.369496,2.785336,,0,pi,45.844842,all_to_all
V0,77,0,1.364776,4.334936,79,155,virtual,46.047579,all_to_all
V1,76,0,1.364776,4.334936,79,156,virtual,46.047579,all_to_all
P0,79,0,1.368401,4.433963,,0,pi,46.047579,all_to_all
V0,78,1,1.362851,0.549165,80,157,virtual,46.277815,all_to_all
V1,77,1,1.362851,0.549165,80,158,virtual,46.277815,all_to_all
P0,80,1,1.367249,0.02539,,0,pi,46.277815,all_to_all
V0,78,1,1.361524,1.657846,80,157,virtual,46.478962,all_to_all
V1,77,1,1.361524,1.657846,80,158,virtual,46.478962,all_to_all
P0,80,0,1.36666,1.692304,,0,pi,46.478962,all_to_all
V0,78,0,1.358773,3.59453,80,157,virtual,46.712103,all_to_all
V1,77,0,1.358773,3.59453,80,158,virtual,46.712103,all_to_all
P0,80,0,1.365743,3.57566,,0,pi,46.712103,all_to_all
V0,78,0,1.356499,5.251924,80,157,virtual,46.944903,all_to_all
V1,77,0,1.356499,5.251924,80,158,virtual,46.944903,all_to_all
P0,80,0,1.364956,5.461579,,0,pi,46.944903,all_to_all
V0,79,1,1.35445,0.625434,81,159,virtual,47.147707,all_to_all
V1,78,1,1.35445,0.625434,81,160,virtual,47.147707,all_to_all
P0,81,0,1.364649,0.874943,,1,pi,47.147707,all_to_all
V0,79,0,1.352359,2.559509,81,159,virtual,47.379055,all_to_all
V1,78,0,1.352359,2.559509,81,160,virtual,47.379055,all_to_all
P0,81,0,1.363337,2.784367,,0,pi,47.379055,all_to_all
V0,79,0,1.350563,4.492604,81,159,virtual,47.611627,all_to_all
V1,78,0,1.350563,4.492604,81,160,virtual,47.611627,all_to_all
P0,81,0,1.361772,4.718304,,0,pi,47.611627,all_to_all
V0,80,1,1.348472,0.693218,82,161,virtual,47.811953,all_to_all
V1,79,1,1.348472,0.693218,82,162,virtual,47.811953,all_to_all
P0,82,1,1.360519,0.105773,,0,pi,47.811953,all_to_all
V0,80,1,1.34743,1.517613,82,161,virtual,48.013159,all_to_all
V1,79,1,1.34743,1.517613,82,162,virtual,48.013159,all_to_all
P0,82,0,1.359767,1.809827,,0,pi,48.013159,all_to_all
V0,80,0,1.3447,3.434042,82,161,virtual,48.246322,all_to_all
V1,79,0,1.3447,3.434042,82,162,virtual,48.246322,all_to_all
P0,82,0,1.357683,3.777173,,0,pi,48.246322,all_to_all
V0,80,0,1.3421,5.345577,82,161,virtual,48.478903,all_to_all
V1,79,0,1.3421,5.345577,82,162,virtual,48.478903,all_to_all
P0,82,0,1.355657,5.742285,,0,pi,48.478903,all_to_all
V0,81,1,1.340119,0.700118,83,163,virtual,48.679207,all_to_all
V1,80,1,1.340119,0.700118,83,164,virtual,48.679207,all_to_all
P0,83,0,1.354601,1.155122,,0,pi,48.679207,all_to_all
V0,81,0,1.338378,2.343853,83,163,virtual,48.880189,all_to_all
V1,80,0,1.338378,2.343853,83,164,virtual,48.880189,all_to_all
P0,83,0,1.352214,2.80401,,0,pi,48.880189,all_to_all
V0,81,0,1.336619,4.26344,83,163,virtual,49.112551,all_to_all
V1,80,0,1.336619,4.26344,83,164,virtual,49.112551,all_to_all
P0,83,0,1.347111,4.569816,,0,pi,49.112551,all_to_all
V0,81,0,1.335314,5.908302,83,163,virtual,49.312668,all_to_all
V1,80,0,1.335314,5.908302,83,164,virtual,49.312668,all_to_all
P0,83,0,1.342598,6.064698,,0,pi,49.312668,all_to_all
V0,82,1,1.333868,1.265843,84,165,virtual,49.513007,all_to_all
V1,81,1,1.333868,1.265843,84,166,virtual,49.513007,all_to_all
P0,84,0,1.33979,1.343623,,0,pi,49.513007,all_to_all
V0,82,0,1.331606,2.891619,84,165,virtual,49.713605,all_to_all
V1,81,0,1.331606,2.891619,84,166,virtual,49.713605,all_to_all
P0,84,0,1.336016,2.858583,,0,pi,49.713605,all_to_all
V0,82,0,1.328891,4.78042,84,165,virtual,49.946297,all_to_all
V1,81,0,1.328891,4.78042,84,166,virtual,49.946297,all_to_all
P0,84,0,1.33273,4.658441,,0,pi,49.946297,all_to_all
V0,83,1,1.326774,0.113598,84,165,virtual,50.146794,all_to_all
V1,82,1,1.326774,0.113598,84,166,virtual,50.146794,all_to_all
P0,84,0,1.329859,6.199868,,0,pi,50.146794,all_to_all
V0,83,1,1.324575,1.72554,85,167,virtual,50.347783,all_to_all
V1,82,1,1.324575,1.72554,85,168,virtual,50.347783,all_to_all
P0,85,0,1.328444,1.527242,,0,pi,50.347783,all_to_all
V0,83,0,1.32114,3.581812,85,167,virtual,50.579898,all_to_all
V1,82,0,1.32114,3.581812,85,168,virtual,50.579898,all_to_all
P0,85,0,1.32726,3.406111,,0,pi,50.579898,all_to_all
V0,83,0,1.318241,5.165773,85,167,virtual,50.780265,all_to_all
V1,82,0,1.318241,5.165773,85,168,virtual,50.780265,all_to_all
P0,85,0,1.32672,5.049655,,0,pi,50.780265,all_to_all
V0,84,1,1.314806,0.991063,86,169,virtual,51.053196,all_to_all
V1,83,1,1.314806,0.991063,86,170,virtual,51.053196,all_to_all
P0,86,0,1.326282,1.021137,,2,pi,51.053196,all_to_all
V0,84,0,1.312218,2.833419,86,169,virtual,51.2811,all_to_all
V1,83,0,1.312218,2.833419,86,170,virtual,51.2811,all_to_all
P0,86,0,1.324785,2.897967,,0,pi,51.2811,all_to_all
V0,84,0,1.309988,4.677479,86,169,virtual,51.513796,all_to_all
V1,83,0,1.309988,4.677479,86,170,virtual,51.513796,all_to_all
P0,86,0,1.322959,4.812568,,0,pi,51.513796,all_to_all
V0,85,1,1.307825,0.504262,86,170,virtual,51.713951,all_to_all
V1,84,1,1.307825,0.504262,86,171,virtual,51.713951,all_to_all
P0,87,1,1.321493,0.174491,,0,pi,51.713951,all_to_all
V0,85,1,1.306865,1.558685,87,171,virtual,51.914446,all_to_all
V1,84,1,1.306865,1.558685,87,172,virtual,51.914446,all_to_all
P0,87,0,1.320568,1.821486,,2,pi,51.914446,all_to_all
V0,85,0,1.305562,3.141162,87,171,virtual,52.114865,all_to_all
V1,84,0,1.305562,3.141162,87,172,virtual,52.114865,all_to_all
P0,87,0,1.318777,3.365086,,0,pi,52.114865,all_to_all
V0,85,0,1.304239,4.989687,87,171,virtual,52.347563,all_to_all
V1,84,0,1.304239,4.989687,87,172,virtual,52.347563,all_to_all
P0,87,0,1.316601,5.106861,,0,pi,52.347563,all_to_all
V0,86,1,1.302946,0.824141,88,173,virtual,52.624094,all_to_all
V1,85,1,1.302946,0.824141,88,174,virtual,52.624094,all_to_all
P0,88,0,1.314898,0.954858,,0,pi,52.624094,all_to_all
V0,86,0,1.301914,2.688554,88,173,virtual,52.848774,all_to_all
V1,85,0,1.301914,2.688554,88,174,virtual,52.848774,all_to_all
P0,88,0,1.313435,2.680454,,0,pi,52.848774,all_to_all
V0,86,0,1.301126,4.289991,88,173,virtual,53.081374,all_to_all
V1,85,0,1.301126,4.289991,88,174,virtual,53.081374,all_to_all
P0,88,0,1.311994,4.474826,,0,pi,53.081374,all_to_all
V0,86,0,1.30043,5.89244,88,173,virtual,53.281876,all_to_all
V1,85,0,1.30043,5.89244,88,174,virtual,53.281876,all_to_all
P0,88,0,1.310933,6.035519,,0,pi,53.281876,all_to_all
V0,87,1,1.299091,1.207401,89,175,virtual,53.482472,all_to_all
V1,86,1,1.299091,1.207401,89,176,virtual,53.482472,all_to_all
P0,89,0,1.310619,1.359872,,0,pi,53.482472,all_to_all
V0,87,0,1.29558,3.054678,89,175,virtual,53.683242,all_to_all
V1,86,0,1.29558,3.054678,89,176,virtual,53.683242,all_to_all
P0,89,0,1.311088,2.983052,,0,pi,53.683242,all_to_all
V0,87,0,1.292383,4.630077,89,175,virtual,53.915065,all_to_all
V1,86,0,1.292383,4.630077,89,176,virtual,53.915065,all_to_all
P0,89,0,1.312011,4.878552,,0,pi,53.915065,all_to_all
V0,88,1,1.288471,0.440798,89,176,virtual,54.115549,all_to_all
V1,87,1,1.288471,0.440798,89,177,virtual,54.115549,all_to_all
P0,90,1,1.312676,0.242966,,0,pi,54.115549,all_to_all
V0,88,1,1.286215,1.484361,90,177,virtual,54.316477,all_to_all
V1,87,1,1.286215,1.484361,90,178,virtual,54.316477,all_to_all
P0,90,0,1.312965,1.884426,,0,pi,54.316477,all_to_all
V0,88,0,1.282093,3.304436,90,177,virtual,54.548967,all_to_all
V1,87,0,1.282093,3.304436,90,178,virtual,54.548967,all_to_all
P0,90,0,1.313027,3.701174,,0,pi,54.548967,all_to_all
V0,88,0,1.278825,4.859692,90,177,virtual,54.749073,all_to_all
V1,87,0,1.278825,4.859692,90,178,virtual,54.749073,all_to_all
P0,90,0,1.312849,5.226385,,0,pi,54.749073,all_to_all
V0,89,1,1.27502,0.645788,91,179,virtual,55.018959,all_to_all
V1,88,1,1.27502,0.645788,91,180,virtual,55.018959,all_to_all
P0,91,0,1.312623,1.048044,,0,pi,55.018959,all_to_all
V0,89,0,1.272205,2.456523,91,179,virtual,55.250059,all_to_all
V1,88,0,1.272205,2.456523,91,180,virtual,55.250059,all_to_all
P0,91,0,1.311444,2.81416,,0,pi,55.250059,all_to_all
V0,89,0,1.269801,4.266185,91,179,virtual,55.482528,all_to_all
V1,88,0,1.269801,4.266185,91,180,virtual,55.482528,all_to_all
P0,91,0,1.309792,4.597967,,0,pi,55.482528,all_to_all
V0,89,0,1.268019,5.816338,91,179,virtual,55.682896,all_to_all
V1,88,0,1.268019,5.816338,91,180,virtual,55.682896,all_to_all
P0,91,0,1.308434,6.145384,,0,pi,55.682896,all_to_all
V0,90,1,1.266211,1.083876,92,181,virtual,55.883291,all_to_all
V1,89,1,1.266211,1.083876,92,182,virtual,55.883291,all_to_all
P0,92,0,1.307603,1.447864,,0,pi,55.883291,all_to_all
V0,90,0,1.263803,2.634584,92,181,virtual,56.084008,all_to_all
V1,89,0,1.263803,2.634584,92,182,virtual,56.084008,all_to_all
P0,92,0,1.303154,2.986793,,0,pi,56.084008,all_to_all
V0,90,0,1.261396,4.182696,92,181,virtual,56.28746,all_to_all
V1,89,0,1.261396,4.182696,92,182,virtual,56.28746,all_to_all
P0,92,0,1.294846,4.487177,,0,pi,56.28746,all_to_all
V0,90,0,1.258859,5.985307,92,181,virtual,56.516719,all_to_all
V1,89,0,1.258859,5.985307,92,182,virtual,56.516719,all_to_all
P0,92,0,1.284939,6.153786,,0,pi,56.516719,all_to_all
V0,91,1,1.25694,1.240378,93,183,virtual,56.717793,all_to_all
V1,90,1,1.25694,1.240378,93,184,virtual,56.717793,all_to_all
P0,93,0,1.280957,1.399175,,0,pi,56.717793,all_to_all
V0,91,0,1.25495,3.020556,93,183,virtual,56.950823,all_to_all
V1,90,0,1.25495,3.020556,93,184,virtual,56.950823,all_to_all
P0,93,0,1.280557,3.176591,,0,pi,56.950823,all_to_all
V0,91,0,1.25323,4.79724,93,183,virtual,57.18386,all_to_all
V1,90,0,1.25323,4.79724,93,184,virtual,57.18386,all_to_all
P0,93,0,1.2823,4.998777,,0,pi,57.18386,all_to_all
V0,92,1,1.25156,0.54603,94,185,virtual,57.457063,all_to_all
V1,91,1,1.25156,0.54603,94,186,virtual,57.457063,all_to_all
P0,94,0,1.284005,0.884278,,0,pi,57.457063,all_to_all
V0,92,0,1.250314,2.334062,94,185,virtual,57.684781,all_to_all
V1,91,0,1.250314,2.334062,94,186,virtual,57.684781,all_to_all
P0,94,0,1.282157,2.626172,,0,pi,57.684781,all_to_all
V0,92,0,1.249243,4.126379,94,185,virtual,57.917359,all_to_all
V1,91,0,1.249243,4.126379,94,186,virtual,57.917359,all_to_all
P0,94,0,1.275314,4.338409,,0,pi,57.917359,all_to_all
V0,92,0,1.248448,5.663564,94,185,virtual,58.117635,all_to_all
V1,91,0,1.248448,5.663564,94,186,virtual,58.117635,all_to_all
P0,94,0,1.269118,5.800373,,0,pi,58.117635,all_to_all
V0,93,1,1.247753,0.915371,95,187,virtual,58.317715,all_to_all
V1,92,1,1.247753,0.915371,95,188,virtual,58.317715,all_to_all
P0,95,0,1.265246,1.020541,,0,pi,58.317715,all_to_all
V0,93,0,1.247144,2.439908,95,187,virtual,58.518642,all_to_all
V1,92,0,1.247144,2.439908,95,188,virtual,58.518642,all_to_all
P0,95,0,1.257536,2.467716,,0,pi,58.518642,all_to_all
V0,93,0,1.246529,4.21579,95,187,virtual,58.751006,all_to_all
V1,92,0,1.246529,4.21579,95,188,virtual,58.751006,all_to_all
P0,95,0,1.247055,4.131446,,0,pi,58.751006,all_to_all
V0,93,0,1.246073,5.739266,95,187,virtual,58.951435,all_to_all
V1,92,0,1.246073,5.739266,95,188,virtual,58.951435,all_to_all
P0,95,0,1.236721,5.528237,,0,pi,58.951435,all_to_all
V0,94,1,1.243912,1.982477,96,189,virtual,59.188546,all_to_all
V1,93,1,1.243912,1.982477,96,190,virtual,59.188546,all_to_all
P0,96,0,1.229019,0.949775,,2,pi,59.188546,all_to_all
V0,94,0,1.24256,2.730619,96,189,virtual,59.418884,all_to_all
V1,93,0,1.24256,2.730619,96,190,virtual,59.418884,all_to_all
P0,96,0,1.226048,2.68055,,0,pi,59.418884,all_to_all
V0,94,0,1.238821,4.717951,96,189,virtual,59.651431,all_to_all
V1,93,0,1.238821,4.717951,96,190,virtual,59.651431,all_to_all
P0,96,0,1.222209,4.417915,,0,pi,59.651431,all_to_all
V0,94,0,1.236247,6.205962,96,189,virtual,59.85194,all_to_all
V1,93,0,1.236247,6.205962,96,190,virtual,59.85194,all_to_all
P0,96,0,1.220307,5.935989,,0,pi,59.85194,all_to_all
