brightness,camera_processing_time_ms,signal_norm,state,t_s,virtual_event
130.0,332.581,0.0,0,0.088696,0
145.0,38.495,0.0,0,0.432672,0
108.0,20.729,0.0,0,0.471202,0
142.0,32.742,0.0,0,0.491963,0
145.0,45.556,0.0,0,0.524739,0
145.0,29.827,0.0,0,0.57033,0
144.0,29.989,0.0,0,0.600193,0
153.0,29.733,0.0,0,0.630216,0
166.0,30.065,0.0,0,0.659984,0
166.0,30.632,1.0,1,0.690084,1
170.0,31.475,1.0,1,0.720752,0
169.0,36.473,1.0,1,0.752261,0
144.0,66.194,0.3222,0,0.856905,0
143.0,50.519,0.2725,0,0.923133,0
145.0,48.764,0.3091,0,0.973685,0
144.0,23.732,0.254,0,1.022483,0
142.0,23.027,0.16,0,1.046249,0
155.0,20.36,0.5825,0,1.069311,0
166.0,20.797,0.9778,1,1.089705,1
170.0,26.019,1.0,1,1.121491,0
168.0,52.509,0.963,1,1.217793,0
168.0,47.323,0.9665,1,1.270336,0
170.0,50.222,1.0,1,1.317692,0
147.0,50.149,0.1805,0,1.367947,0
139.0,50.538,0.0,0,1.41813,0
137.0,49.826,0.0,0,1.468703,0
138.0,26.349,0.0126,0,1.591994,0
140.0,22.496,0.0728,0,1.618378,0
140.0,22.56,0.0701,0,1.640907,0
144.0,38.514,0.1955,0,1.663502,0
144.0,39.214,0.1935,0,1.702049,0
146.0,35.868,0.2565,0,1.741296,0
146.0,18.874,0.2549,0,1.777197,0
146.0,48.722,0.2533,0,1.796105,0
146.0,32.967,0.2517,0,1.844861,0
146.0,29.595,0.25,0,1.877863,0
148.0,21.361,0.3154,0,2.036321,0
166.0,29.676,0.9223,1,2.057717,1
165.0,30.785,0.8912,1,2.087471,0
169.0,29.694,1.0,1,2.11829,0
147.0,22.227,0.2667,0,2.162779,0
144.0,40.551,0.1644,0,2.185043,0
142.0,43.93,0.0946,0,2.225629,0
144.0,44.572,0.1599,0,2.269594,0
144.0,43.258,0.1575,0,2.314204,0
170.0,55.674,1.0,1,2.437874,1
169.0,44.263,1.0,1,2.493639,0
168.0,44.174,0.9659,1,2.537941,0
142.0,48.124,0.0753,0,2.582156,0
140.0,50.089,0.0034,0,2.630322,0
139.0,46.805,0.0,0,2.68045,0
141.0,22.734,0.0635,0,2.727289,0
138.0,24.159,0.0,0,2.750058,0
140.0,23.55,0.0333,0,2.774251,0
163.0,20.989,0.8,1,2.797836,1
166.0,48.273,0.9,1,2.892358,0
166.0,45.928,0.9,1,2.940665,0
145.0,48.717,0.2,0,2.986625,0
138.0,50.003,0.0,0,3.035375,0
138.0,50.064,0.0,0,3.085413,0
141.0,49.924,0.0968,0,3.135512,0
140.0,35.846,0.0617,0,3.19776,0
168.0,48.999,0.9739,1,3.304113,1
166.0,41.691,0.9112,1,3.353192,0
153.0,45.749,0.4834,1,3.394917,0
138.0,48.309,0.0,0,3.440702,0
139.0,49.489,0.0329,0,3.489046,0
137.0,50.322,0.0,0,3.538569,0
139.0,25.436,0.0331,0,3.588926,0
138.0,23.915,0.0,0,3.614395,0
141.0,21.104,0.1,0,3.638344,0
163.0,21.72,0.8333,1,3.659482,1
166.0,46.221,0.9333,1,3.753855,0
165.0,44.917,0.9,1,3.80011,0
142.0,47.621,0.1333,0,3.845061,0
138.0,50.906,0.0,0,3.892717,0
137.0,49.837,0.0,0,3.943687,0
139.0,49.737,0.0333,0,3.993561,0
139.0,24.497,0.0333,0,4.043331,0
168.0,28.205,1.0,1,4.142582,1
168.0,29.743,1.0,1,4.179767,0
166.0,42.194,0.9333,1,4.209543,0
157.0,45.58,0.6333,1,4.251772,0
138.0,48.417,0.0,0,4.297386,0
137.0,49.416,0.0,0,4.345835,0
136.0,50.184,0.0,0,4.395285,0
138.0,25.431,0.0,0,4.445502,0
136.0,24.187,0.0,0,4.470967,0
144.0,21.746,0.2,0,4.495188,0
168.0,26.952,1.0,1,4.589654,1
165.0,41.658,0.9,1,4.616685,0
164.0,45.308,0.8667,1,4.658377,0
141.0,48.208,0.1,0,4.70372,0
138.0,50.054,0.0,0,4.751968,0
136.0,50.296,0.0,0,4.802056,0
139.0,49.762,0.0333,0,4.852386,0
139.0,24.792,0.0333,0,4.902182,0
143.0,22.611,0.1667,0,4.927008,0
164.0,20.007,0.8667,1,4.949652,1
167.0,23.553,0.9667,1,5.045279,0
165.0,42.045,0.9,1,5.068867,0
147.0,45.684,0.3,0,5.110946,0
138.0,48.266,0.0,0,5.156663,0
137.0,39.584,0.0,0,5.215123,0
138.0,48.856,0.0,0,5.254742,0
139.0,23.727,0.0333,0,5.303662,0
137.0,22.866,0.0,0,5.327423,0
168.0,42.636,1.0,1,5.421459,1
166.0,40.915,0.9333,1,5.464178,0
165.0,43.463,0.9,1,5.505141,0
145.0,47.803,0.2333,0,5.548639,0
137.0,49.54,0.0,0,5.596475,0
137.0,50.431,0.0,0,5.64605,0
139.0,49.634,0.0554,0,5.696515,0
138.0,25.224,0.0228,0,5.746183,0
136.0,23.188,0.0,0,5.771442,0
153.0,20.478,0.5161,0,5.794663,0
153.0,28.19,0.5161,0,5.884798,0
139.0,41.372,0.0645,0,5.913022,0
138.0,45.442,0.0323,0,5.954427,0
138.0,44.649,0.0323,0,5.999903,0
140.0,21.713,0.0968,0,6.044585,0
141.0,21.257,0.129,0,6.066332,0
142.0,19.54,0.1613,0,6.087621,0
142.0,19.118,0.1613,0,6.107194,0
145.0,34.048,0.2581,0,6.126346,0
145.0,34.46,0.2581,0,6.160428,0
146.0,23.446,0.2903,0,6.204147,0
158.0,31.514,0.6774,1,6.227654,1
170.0,53.091,1.0,1,6.338631,0
167.0,42.414,1.0,1,6.391756,0
142.0,46.474,0.1667,0,6.434204,0
139.0,48.166,0.0476,0,6.480713,0
139.0,49.28,0.0444,0,6.528914,0
140.0,49.349,0.0785,0,6.578228,0
141.0,21.907,0.1126,0,6.627611,0
168.0,27.634,1.0,1,6.721412,1
168.0,36.96,1.0,1,6.749128,0
167.0,41.185,0.9672,1,6.786123,0
165.0,44.14,0.9016,1,6.827343,0
140.0,49.534,0.085,0,6.871518,0
138.0,48.365,0.0164,0,6.921086,0
137.0,49.364,0.0,0,6.969486,0
139.0,26.319,0.0645,0,7.018885,0
137.0,24.159,0.0,0,7.045239,0
138.0,22.522,0.0323,0,7.069432,0
149.0,22.517,0.3871,0,7.091988,0
167.0,38.313,0.9901,1,7.114539,1
165.0,57.444,0.918,1,7.223251,0
145.0,44.709,0.2623,0,7.286787,0
138.0,50.226,0.0328,0,7.33153,0
136.0,49.999,0.0,0,7.381791,0
138.0,49.939,0.033,0,7.431825,0
138.0,25.43,0.0333,0,7.481798,0
137.0,23.946,0.0,0,7.507264,0
168.0,51.879,1.0,1,7.604993,1
164.0,42.148,0.9,1,7.656972,0
164.0,43.607,0.9,1,7.69916,0
139.0,48.997,0.0667,0,7.742805,0
137.0,49.638,0.0,0,7.79184,0
136.0,49.986,0.0,0,7.841516,0
138.0,26.001,0.0333,0,7.891541,0
136.0,20.04,0.0,0,7.917577,0
138.0,22.514,0.0333,0,7.937651,0
138.0,23.018,0.0333,0,7.9602,0
142.0,38.628,0.1667,0,7.983254,0
142.0,39.418,0.1667,0,8.021917,0
168.0,31.926,1.0,1,8.136848,1
148.0,35.546,0.3667,1,8.168855,0
140.0,39.951,0.1,0,8.204435,0
138.0,43.747,0.0333,0,8.244421,0
141.0,31.053,0.1333,0,8.297592,0
143.0,20.353,0.2,0,8.328677,0
143.0,19.711,0.2,0,8.34908,0
147.0,35.748,0.3333,0,8.368823,0
167.0,32.75,1.0,1,8.404605,0
167.0,33.286,1.0,1,8.437389,0
167.0,34.076,1.0,1,8.470709,0
167.0,39.34,1.0,1,8.504819,0
165.0,43.093,0.9333,1,8.544193,0
164.0,23.671,0.9,1,8.65689,0
149.0,50.747,0.4,1,8.680595,0
138.0,50.894,0.0333,0,8.731376,0
136.0,49.388,0.0,0,8.782304,0
138.0,49.798,0.0333,0,8.831726,0
138.0,24.669,0.0333,0,8.881559,0
136.0,23.86,0.0,0,8.906262,0
146.0,21.184,0.3,0,8.930155,0
163.0,21.698,0.8667,1,8.951373,1
167.0,37.461,1.0,1,8.973153,0
167.0,38.138,1.0,1,9.010649,0
164.0,19.024,0.9,1,9.116912,0
164.0,47.481,0.9,1,9.135971,0
165.0,50.232,0.9333,1,9.183486,0
144.0,50.243,0.2333,0,9.233751,0
137.0,50.12,0.0,0,9.284028,0
136.0,39.964,0.0,0,9.344916,0
139.0,48.894,0.0667,0,9.384914,0
163.0,22.496,0.8667,1,9.505198,1
167.0,38.688,1.0,1,9.527781,0
168.0,39.331,1.0,1,9.566503,0
167.0,42.45,1.0,1,9.605881,0
151.0,45.938,0.4667,1,9.648365,0
139.0,48.614,0.0667,0,9.694336,0
139.0,50.267,0.0667,0,9.742984,0
140.0,50.104,0.1,0,9.793286,0
140.0,23.876,0.1,0,9.843423,0
139.0,23.087,0.0667,0,9.867334,0
144.0,20.786,0.2333,0,9.890455,0
165.0,21.871,0.9333,1,9.911276,1
144.0,47.124,0.2333,0,10.0029,0
140.0,44.899,0.1,0,10.050058,0
140.0,47.447,0.1,0,10.09499,0
142.0,23.048,0.1667,0,10.142471,0
142.0,21.862,0.1667,0,10.165553,0
143.0,19.979,0.2,0,10.187448,0
143.0,20.413,0.2,0,10.207462,0
145.0,35.865,0.2667,0,10.227909,0
145.0,36.641,0.2667,0,10.263808,0
145.0,33.411,0.2667,0,10.300483,0
156.0,18.999,0.6333,0,10.347682,0
169.0,21.756,1.0,1,10.438403,1
170.0,38.675,1.0,1,10.460243,0
170.0,42.558,1.0,1,10.498952,0
145.0,46.019,0.2667,0,10.541543,0
143.0,47.786,0.2,0,10.587597,0
143.0,50.671,0.2,0,10.635417,0
144.0,47.858,0.223,0,10.686121,0
144.0,23.002,0.223,0,10.734014,0
146.0,22.654,0.2905,0,10.75705,0
166.0,19.627,0.9655,1,10.779739,0
166.0,21.12,0.9655,1,10.799401,0
169.0,36.334,1.0,1,10.820554,0
169.0,36.945,1.0,1,10.856929,0
145.0,62.379,0.2414,0,10.96454,0
143.0,51.369,0.1724,0,11.026952,0
141.0,49.075,0.1034,0,11.078355,0
144.0,26.83,0.2069,0,11.127464,0
141.0,23.566,0.1034,0,11.154327,0
142.0,22.714,0.1379,0,11.177928,0
142.0,23.322,0.1379,0,11.200677,0
145.0,39.476,0.2414,0,11.224032,0
145.0,39.504,0.2414,0,11.263542,0
152.0,36.786,0.4828,0,11.30308,0
164.0,21.873,0.8966,1,11.353822,1
170.0,39.951,1.0,1,11.447541,0
159.0,44.158,0.7241,1,11.487527,0
143.0,47.503,0.1724,0,11.531718,0
142.0,49.832,0.1379,0,11.579255,0
142.0,49.912,0.1379,0,11.62912,0
143.0,25.974,0.1724,0,11.679066,0
141.0,24.121,0.1034,0,11.705075,0
144.0,21.325,0.2069,0,11.729229,0
166.0,21.659,0.9655,1,11.750587,1
170.0,38.474,1.0,1,11.772329,0
168.0,57.57,1.0,1,11.880083,0
146.0,49.309,0.2759,0,11.937687,0
140.0,49.685,0.069,0,11.987031,0
139.0,49.513,0.0345,0,12.036751,0
143.0,50.839,0.1724,0,12.086297,0
142.0,24.717,0.1379,0,12.137171,0
140.0,23.091,0.069,0,12.161921,0
141.0,21.165,0.1034,0,12.185046,0
168.0,50.332,1.0,1,12.323538,1
168.0,58.318,1.0,1,12.432096,0
144.0,47.056,0.2,0,12.490448,0
140.0,48.036,0.0667,0,12.537538,0
140.0,50.559,0.0667,0,12.585608,0
141.0,48.56,0.1007,0,12.636201,0
141.0,22.958,0.1007,0,12.684801,0
144.0,22.169,0.202,0,12.707792,0
166.0,21.895,0.9428,1,12.729995,1
166.0,32.558,0.931,1,12.903415,0
141.0,48.823,0.069,0,12.936013,0
139.0,49.144,0.0,0,12.984875,0
138.0,50.874,0.0,0,13.034057,0
139.0,24.836,0.0,0,13.084969,0
138.0,21.774,0.0,0,13.109844,0
139.0,21.001,0.0,0,13.131684,0
151.0,22.066,0.4286,0,13.152719,0
167.0,39.115,1.0,1,13.174818,1
166.0,56.803,0.9609,1,13.284061,0
165.0,48.273,0.922,1,13.340898,0
149.0,19.738,0.3521,1,13.469445,0
138.0,50.752,0.0,0,13.489216,0
136.0,49.866,0.0,0,13.540003,0
139.0,50.047,0.0139,0,13.589902,0
138.0,26.235,0.0,0,13.639983,0
167.0,37.879,0.9864,1,13.737645,1
151.0,40.14,0.4306,1,13.775609,0
139.0,43.124,0.0,0,13.815784,0
137.0,46.175,0.0,0,13.858943,0
139.0,45.267,0.0,0,13.905153,0
140.0,21.527,0.0351,0,13.950455,0
141.0,21.456,0.0702,0,13.972017,0
142.0,19.206,0.1053,0,13.993506,0
142.0,19.61,0.1056,0,14.012759,0
145.0,34.248,0.2113,0,14.032404,0
144.0,34.701,0.1767,0,14.066686,0
146.0,32.598,0.2482,0,14.101422,0
166.0,32.061,0.9574,1,14.134055,1
168.0,24.556,1.0,1,14.237005,0
166.0,39.633,0.931,1,14.261596,0
151.0,43.468,0.4138,1,14.301264,0
137.0,46.634,0.0,0,14.344766,0
137.0,25.84,0.0,0,14.415608,0
138.0,50.139,0.0,0,14.441482,0
138.0,23.81,0.0,0,14.491684,0
137.0,22.997,0.0,0,14.515528,0
142.0,20.771,0.1034,0,14.538563,0
168.0,25.439,1.0,1,14.6285,1
165.0,41.253,0.8973,1,14.654024,0
164.0,44.654,0.8625,1,14.695311,0
146.0,47.276,0.244,0,14.739999,0
137.0,50.29,0.0,0,14.78731,0
137.0,49.991,0.0,0,14.837632,0
138.0,50.518,0.0,0,14.887689,0
138.0,25.003,0.0,0,14.938241,0
136.0,23.189,0.0,0,14.963279,0
139.0,21.475,0.0333,0,14.986502,0
139.0,21.681,0.0333,0,15.008012,0
143.0,37.765,0.1667,0,15.029727,0
168.0,38.509,1.0,1,15.136338,1
151.0,35.123,0.4333,1,15.174933,0
143.0,39.386,0.1667,0,15.21009,0
140.0,42.768,0.0667,0,15.24951,0
143.0,41.839,0.1667,0,15.292312,0
145.0,20.449,0.2333,0,15.334185,0
143.0,19.578,0.1667,0,15.354672,0
143.0,26.355,0.1667,0,15.384295,0
146.0,33.769,0.2667,0,15.410685,0
146.0,32.867,0.2667,0,15.444488,0
146.0,31.936,0.2749,0,15.477388,0
151.0,29.537,0.4483,0,15.509358,0
166.0,29.382,0.9655,1,15.538929,1
169.0,26.943,1.0,1,15.638324,0
170.0,40.542,1.0,1,15.665302,0
148.0,44.431,0.3333,0,15.705878,0
141.0,47.195,0.1,0,15.750342,0
142.0,49.344,0.1333,0,15.79757,0
142.0,49.43,0.1379,0,15.846948,0
143.0,23.429,0.1724,0,15.896413,0
141.0,22.626,0.1034,0,15.919876,0
154.0,20.21,0.5517,0,15.942537,0
169.0,48.759,1.0,1,16.049381,1
168.0,43.982,1.0,1,16.098225,0
145.0,48.241,0.2333,0,16.142241,0
142.0,49.797,0.1333,0,16.190514,0
140.0,49.989,0.0667,0,16.240345,0
143.0,50.29,0.1667,0,16.290369,0
142.0,23.855,0.1333,0,16.340694,0
141.0,23.484,0.1,0,16.364584,0
141.0,34.282,0.1,0,16.396902,0
144.0,37.127,0.2,0,16.431222,0
152.0,37.292,0.4795,0,16.468382,0
147.0,36.065,0.3072,0,16.576037,0
144.0,39.687,0.2048,0,16.612136,0
143.0,43.489,0.1706,0,16.651858,0
144.0,42.159,0.2041,0,16.695382,0
144.0,21.044,0.2041,0,16.737576,0
142.0,19.216,0.1361,0,16.75867,0
142.0,18.752,0.1365,0,16.777918,0
142.0,18.888,0.1379,0,16.796704,0
145.0,33.041,0.2414,0,16.815659,0
145.0,33.319,0.2414,0,16.848734,0
147.0,32.024,0.3103,0,16.882087,0
166.0,29.854,1.0,1,16.914145,1
168.0,26.6,1.0,1,17.011833,0
170.0,39.393,1.0,1,17.038466,0
169.0,43.037,1.0,1,17.077892,0
143.0,47.202,0.1667,0,17.120963,0
140.0,48.076,0.0667,0,17.1682,0
140.0,49.537,0.0667,0,17.21631,0
142.0,48.656,0.1333,0,17.265881,0
142.0,23.64,0.1338,0,17.31457,0
140.0,22.181,0.0671,0,17.338243,0
153.0,36.38,0.5172,0,17.438109,0
168.0,27.734,1.0,1,17.481213,1
168.0,32.946,1.0,1,17.509032,0
148.0,36.89,0.3367,0,17.542013,0
144.0,40.134,0.202,0,17.578937,0
141.0,44.142,0.101,0,17.619105,0
145.0,42.03,0.2357,0,17.663282,0
144.0,20.16,0.202,0,17.705347,0
142.0,19.401,0.1347,0,17.725547,0
143.0,19.136,0.1684,0,17.744982,0
145.0,51.0,0.2365,0,17.76415,0
145.0,34.159,0.2373,0,17.815185,0
147.0,31.642,0.3061,0,17.849377,0
166.0,29.482,0.9556,1,17.881053,1
150.0,24.698,0.4082,1,17.980708,0
145.0,39.385,0.2381,0,18.005439,0
144.0,43.561,0.2041,0,18.044858,0
146.0,43.038,0.2721,0,18.088452,0
143.0,40.461,0.1695,0,18.131527,0
143.0,36.25,0.1695,0,18.172025,0
145.0,28.398,0.2373,0,18.208313,0
145.0,32.826,0.2381,0,18.236744,0
146.0,30.535,0.273,0,18.269604,0
155.0,29.863,0.5822,0,18.300174,0
169.0,51.516,1.0,1,18.408649,1
171.0,41.664,1.0,1,18.460264,0
147.0,32.151,0.3,0,18.515706,0
142.0,47.564,0.1126,0,18.547891,0
142.0,50.889,0.1126,0,18.595489,0
144.0,48.535,0.1724,0,18.646413,0
143.0,23.193,0.1379,0,18.694983,0
141.0,22.536,0.069,0,18.718212,0
142.0,21.132,0.1034,0,18.740782,0
142.0,20.889,0.1034,0,18.76195,0
144.0,37.022,0.1724,0,18.782874,0
146.0,36.261,0.2414,0,18.819931,0
158.0,30.106,0.6441,0,18.926823,0
144.0,37.647,0.1489,0,18.956963,0
142.0,42.469,0.0813,0,18.994645,0
140.0,43.671,0.0106,0,19.037148,0
143.0,40.924,0.1166,0,19.080859,0
144.0,20.154,0.1519,0,19.121819,0
142.0,19.531,0.078,0,19.142017,0
142.0,35.851,0.078,0,19.161581,0
145.0,32.852,0.1815,0,19.197467,0
144.0,33.585,0.1459,0,19.230353,0
149.0,29.675,0.3214,0,19.263972,0
165.0,30.116,0.8929,1,19.293681,1
166.0,29.429,0.9286,1,19.323887,0
140.0,63.055,0.0,0,19.486199,0
142.0,23.066,0.0741,0,19.650735,0
140.0,22.803,0.0,0,19.673835,0
144.0,21.579,0.1493,0,19.696672,0
166.0,20.547,0.9774,1,19.718284,1
168.0,36.923,1.0,1,19.738916,0
168.0,37.919,1.0,1,19.775875,0
169.0,45.428,1.0,1,19.901902,0
171.0,49.882,1.0,1,19.947364,0
153.0,50.575,0.4444,1,19.99728,0
140.0,49.967,0.0,0,20.047889,0
138.0,49.816,0.0,0,20.097892,0
144.0,50.593,0.1111,0,20.147743,0
141.0,20.936,0.0,0,20.271329,0
144.0,38.439,0.1111,0,20.292299,0
145.0,38.947,0.1481,0,20.330773,0
168.0,35.652,1.0,1,20.369754,1
169.0,34.206,1.0,1,20.405491,0
158.0,32.801,0.6296,1,20.439732,0
144.0,38.152,0.1111,0,20.472567,0
144.0,41.556,0.1111,0,20.510753,0
169.0,42.764,1.0,1,21.576277,1
167.0,44.116,0.963,1,21.701661,0
146.0,48.896,0.1852,0,21.74581,0
140.0,49.667,0.0,0,21.79474,0
138.0,50.141,0.0,0,21.844442,0
142.0,49.843,0.0714,0,21.894616,0
141.0,25.406,0.0357,0,21.944493,0
141.0,22.893,0.0357,0,21.969933,0
165.0,20.462,0.8929,1,21.99286,1
168.0,27.573,1.0,1,22.085613,0
167.0,41.31,0.9643,1,22.113221,0
166.0,45.25,0.9286,1,22.154574,0
140.0,48.568,0.0,0,22.199858,0
139.0,50.423,0.0,0,22.24846,0
138.0,50.107,0.0,0,22.298916,0
139.0,27.261,0.0,0,22.349057,0
137.0,22.893,0.0,0,22.376353,0
139.0,22.63,0.0,0,22.399279,0
139.0,22.474,0.0,0,22.421942,0
142.0,39.318,0.0714,0,22.44445,0
170.0,22.168,1.0,1,22.555761,1
164.0,18.649,0.8571,1,22.578021,0
167.0,22.646,0.9643,1,22.609452,0
147.0,36.517,0.25,0,22.632132,0
140.0,40.406,0.0,0,22.668684,0
139.0,43.946,0.0,0,22.709124,0
141.0,41.781,0.0493,0,22.753104,0
144.0,19.585,0.1519,0,22.794924,0
142.0,19.547,0.0813,0,22.814544,0
142.0,36.81,0.0813,0,22.834123,0
144.0,32.642,0.1519,0,22.870967,0
144.0,33.16,0.1519,0,22.903668,0
146.0,30.928,0.2199,0,22.936861,0
166.0,30.226,0.9288,1,22.967824,1
148.0,23.6,0.2933,0,23.069131,0
143.0,39.707,0.1166,0,23.092764,0
140.0,43.217,0.0106,0,23.132504,0
143.0,40.917,0.1166,0,23.175755,0
144.0,25.526,0.1489,0,23.216706,0
143.0,38.1,0.1166,0,23.24227,0
145.0,48.176,0.1873,0,23.280409,0
145.0,30.422,0.1873,0,23.328619,0
146.0,31.708,0.2199,0,23.359075,0
155.0,29.852,0.5374,0,23.390817,0
166.0,29.679,0.9286,1,23.420702,1
169.0,27.363,1.0,1,23.522808,0
169.0,41.107,1.0,1,23.550205,0
146.0,45.317,0.2171,0,23.591345,0
141.0,38.592,0.0391,0,23.645513,0
142.0,50.087,0.078,0,23.684138,0
143.0,48.569,0.1166,0,23.734259,0
143.0,23.672,0.1166,0,23.782863,0
141.0,22.539,0.0459,0,23.806569,0
142.0,20.378,0.078,0,23.829142,0
145.0,24.967,0.1844,0,23.918285,0
168.0,34.739,1.0,1,23.943284,1
168.0,32.952,1.0,1,23.978108,0
167.0,31.77,0.9645,1,24.011093,0
146.0,37.021,0.2171,0,24.042897,0
144.0,41.775,0.1459,0,24.079952,0
143.0,44.039,0.1166,0,24.121761,0
145.0,40.989,0.1873,0,24.165833,0
144.0,20.822,0.1489,0,24.206856,0
142.0,19.07,0.078,0,24.227725,0
143.0,19.013,0.1135,0,24.246829,0
145.0,51.008,0.1844,0,24.265874,0
145.0,33.847,0.1844,0,24.316916,0
149.0,31.215,0.3262,0,24.350797,0
147.0,54.824,0.2527,0,24.454376,0
144.0,41.042,0.1459,0,24.509235,0
142.0,43.971,0.0714,0,24.550312,0
144.0,41.05,0.1429,0,24.594318,0
143.0,31.692,0.1071,0,24.644176,0
143.0,36.257,0.1071,0,24.675899,0
145.0,33.586,0.1786,0,24.71219,0
145.0,32.824,0.1786,0,24.745817,0
149.0,31.954,0.3214,0,24.778676,0
167.0,29.939,0.9643,1,24.810664,1
167.0,29.601,0.9643,1,24.840687,0
169.0,39.73,1.0,1,24.941057,0
150.0,45.025,0.3597,1,24.980821,0
140.0,47.189,0.0,0,25.025881,0
140.0,50.66,0.0,0,25.073105,0
142.0,47.657,0.0719,0,25.123799,0
142.0,23.91,0.0722,0,25.171489,0
141.0,22.187,0.0361,0,25.195433,0
142.0,20.489,0.0725,0,25.217654,0
142.0,20.328,0.0727,0,25.238178,0
144.0,36.298,0.1455,0,25.258539,0
167.0,32.823,0.9783,1,25.365444,1
168.0,32.167,1.0,1,25.398354,0
148.0,35.741,0.2963,0,25.430556,0
144.0,39.793,0.1481,0,25.466332,0
143.0,43.486,0.1111,0,25.50616,0
145.0,41.445,0.1852,0,25.54968,0
144.0,20.687,0.1481,0,25.59116,0
142.0,20.089,0.0741,0,25.611881,0
143.0,21.155,0.1111,0,25.647721,0
145.0,33.599,0.1852,0,25.668911,0
145.0,33.914,0.1852,0,25.702544,0
147.0,31.859,0.2593,0,25.736491,0
157.0,29.046,0.6296,0,25.768385,0
167.0,30.024,1.0,1,25.797465,1
144.0,32.122,0.1481,0,25.897,0
144.0,42.36,0.1481,0,25.929156,0
144.0,42.513,0.1481,0,25.971551,0
144.0,38.83,0.1481,0,26.014096,0
145.0,19.757,0.1852,0,26.052969,0
142.0,18.973,0.0741,0,26.072758,0
143.0,35.533,0.1111,0,26.091762,0
145.0,32.08,0.1852,0,26.127328,0
145.0,31.947,0.1852,0,26.159442,0
156.0,30.751,0.5926,0,26.191424,0
167.0,29.901,1.0,1,26.222209,1
169.0,31.091,1.0,1,26.321424,0
170.0,41.355,1.0,1,26.352549,0
146.0,45.787,0.2222,0,26.393939,0
142.0,48.187,0.0741,0,26.43976,0
141.0,50.137,0.037,0,26.48798,0
143.0,49.392,0.1111,0,26.538152,0
143.0,22.993,0.1111,0,26.587579,0
141.0,22.141,0.037,0,26.610606,0
142.0,21.114,0.0741,0,26.632782,0
168.0,49.454,1.0,1,26.732695,1
169.0,33.68,1.0,1,26.782236,0
158.0,32.292,0.6654,1,26.81595,0
144.0,37.908,0.1418,0,26.848275,0
143.0,42.186,0.0769,0,26.886216,0
142.0,43.463,0.0385,0,26.928435,0
144.0,41.721,0.1154,0,26.971931,0
144.0,19.877,0.1154,0,27.013696,0
142.0,19.79,0.0385,0,27.033606,0
142.0,36.303,0.0385,0,27.053428,0
145.0,32.536,0.1538,0,27.089765,0
144.0,33.747,0.1154,0,27.122334,0
150.0,30.099,0.3462,0,27.156114,0
166.0,20.081,0.9615,1,27.255045,1
146.0,36.379,0.1923,0,27.275211,0
144.0,39.996,0.1154,0,27.311622,0
143.0,43.938,0.0769,0,27.351679,0
145.0,40.982,0.12,0,27.395685,0
145.0,19.843,0.12,0,27.436704,0
142.0,19.426,0.0,0,27.456591,0
143.0,36.644,0.04,0,27.476049,0
145.0,32.865,0.12,0,27.512726,0
145.0,33.196,0.12,0,27.545624,0
147.0,30.398,0.2,0,27.578853,0
166.0,29.629,0.96,1,27.609296,1
168.0,29.579,1.0,1,27.639009,0
169.0,28.436,1.0,1,27.744508,0
170.0,43.258,1.0,1,27.772979,0
144.0,47.141,0.0775,0,27.816272,0
142.0,50.459,0.0,0,27.863446,0
142.0,48.182,0.0,0,27.913938,0
142.0,25.324,0.0,0,27.962153,0
140.0,24.213,0.0,0,27.987511,0
141.0,21.141,0.0,0,28.011758,0
141.0,23.727,0.0,0,28.032931,0
151.0,41.816,0.3488,0,28.126667,0
168.0,34.622,1.0,1,28.168517,1
168.0,32.182,1.0,1,28.203223,0
149.0,36.425,0.2692,0,28.23544,0
143.0,41.187,0.0385,0,28.271899,0
140.0,49.959,0.0,0,28.31312,0
143.0,40.036,0.0385,0,28.363119,0
142.0,39.149,0.0,0,28.403192,0
142.0,36.77,0.0,0,28.442377,0
144.0,32.946,0.0769,0,28.479185,0
144.0,29.071,0.0769,0,28.512169,0
146.0,31.416,0.1538,0,28.541274,0
153.0,29.456,0.428,0,28.572724,0
156.0,18.575,0.5426,0,28.675228,0
145.0,28.981,0.1167,0,28.702036,0
143.0,40.958,0.0389,0,28.731053,0
140.0,44.613,0.0,0,28.772045,0
144.0,40.35,0.0772,0,28.816693,0
144.0,20.55,0.0775,0,28.857078,0
142.0,19.345,0.0,0,28.877661,0
143.0,35.733,0.0391,0,28.897039,0
145.0,33.471,0.1172,0,28.932805,0
145.0,33.153,0.12,0,28.96631,0
151.0,29.535,0.36,0,28.999496,0
167.0,29.991,1.0,1,29.029064,1
167.0,30.188,1.0,1,29.059142,0
170.0,29.042,1.0,1,29.166659,0
153.0,44.54,0.44,1,29.195736,0
142.0,46.593,0.0,0,29.24031,0
143.0,49.922,0.04,0,29.286939,0
144.0,49.102,0.08,0,29.336894,0
144.0,23.143,0.08,0,29.38603,0
141.0,23.313,0.0,0,29.409208,0
141.0,20.027,0.0,0,29.432554,0
142.0,21.066,0.0,0,29.452616,0
144.0,37.45,0.08,0,29.473714,0
168.0,32.147,1.0,1,29.583537,1
169.0,31.902,1.0,1,29.615774,0
169.0,35.162,1.0,1,29.647709,0
170.0,40.277,1.0,1,29.682906,0
170.0,33.947,1.0,1,29.732548,0
143.0,46.707,0.0385,0,29.766529,0
141.0,49.084,0.0,0,29.813271,0
142.0,49.944,0.0299,0,29.86239,0
142.0,25.621,0.0262,0,29.91237,0
140.0,23.626,0.0,0,29.938026,0
141.0,21.924,0.0,0,29.961686,0
152.0,22.017,0.4074,0,29.983695,0
