coupling_term,follower_flash_event,freq_error_hz,frequency_error_hz,frequency_hz,loop_dt_ms,model,phase_error_rad,phase_rad,t_s,virtual_frequency_hz
0.944272,0,0.0,0.26380294350958167,1.950857,0.002,kuramoto,1.906216,4.376989,0.080362,2.2146599435095817
0.944279,0,0.0,0.2637999435095817,1.95086,364.682,kuramoto,1.906196,5.602751,0.445043,2.2146599435095817
0.629131,0,0.0,0.41427194350958163,1.800388,41.224,kuramoto,0.680435,6.069087,0.486267,2.2146599435095817
0.212467,1,0.0,0.6132149435095817,1.601445,51.047,kuramoto,0.214099,0.299544,0.537314,2.2146599435095817
-0.295085,0,0.0,0.8555529435095817,1.359107,116.188,kuramoto,-0.299544,1.153497,0.653502,2.2146599435095817
-0.914187,0,0.0,1.1511519435095818,1.063508,56.753,kuramoto,-1.153497,1.532733,0.710256,2.2146599435095817
-0.999276,0,0.0,1.1917789435095818,1.022881,67.595,kuramoto,-1.532733,1.96716,0.77785,2.2146599435095817
-0.922471,0,0.0,1.1551069435095818,1.059553,66.856,kuramoto,-1.96716,2.412246,0.844706,2.2146599435095817
-0.666383,0,0.0,1.0328339435095817,1.181826,49.779,kuramoto,-2.412246,2.781887,0.894485,2.2146599435095817
-0.351999,0,0.0,0.8827269435095817,1.331933,49.966,kuramoto,-2.781887,3.200043,0.944452,2.2146599435095817
-0.503503,0,0.0,0.9550649435095817,1.259595,46.64,kuramoto,-2.613944,3.569167,0.991092,2.2146599435095817
-0.723544,0,0.0,1.0601269435095817,1.154533,51.757,kuramoto,-2.33267,3.94462,1.042849,2.2146599435095817
-0.872019,0,0.0,0.7522383391133354,1.083642,49.803,kuramoto,-2.082281,4.283715,1.092652,1.8358803391133354
-0.999898,0,0.0,0.8132963391133354,1.022584,66.548,kuramoto,-1.585112,4.711289,1.1592,1.8358803391133354
-0.985864,0,0.0,0.8065953391133354,1.029285,48.561,kuramoto,-1.402455,5.02534,1.20776,1.8358803391133354
-0.782232,0,0.0,0.7093683391133354,1.126512,65.115,kuramoto,-0.898241,5.486233,1.272876,1.8358803391133354
-0.491548,0,0.0,0.5705773391133353,1.265303,67.264,kuramoto,-0.513866,6.020993,1.34014,1.8358803391133354
-0.211162,1,0.0,0.4367033391133355,1.399177,66.516,kuramoto,-0.212764,0.322567,1.406656,1.8358803391133354
-0.317002,0,0.0,0.48723733911333533,1.348643,139.864,kuramoto,-0.322567,1.169944,1.546519,1.8358803391133354
-0.748629,0,0.0,0.6933243391133355,1.142556,31.042,kuramoto,-0.845992,1.392789,1.577561,1.8358803391133354
-0.584015,0,0.0,0.6147273391133354,1.221153,42.657,kuramoto,-0.623666,1.720087,1.620218,1.8358803391133354
-0.401725,0,0.0,0.5276903391133354,1.30819,51.51,kuramoto,-0.4134,2.143483,1.671729,1.8358803391133354
-0.1712,0,0.0,0.41762233911333535,1.418258,63.698,kuramoto,-0.172047,2.711103,1.735426,1.8358803391133354
-0.033438,0,0.0,0.3518453391133354,1.484035,67.672,kuramoto,-0.033444,3.342107,1.803098,1.8358803391133354
0.024024,0,0.0,0.32440933911333536,1.511471,65.971,kuramoto,0.024027,3.968623,1.869069,1.8358803391133354
-0.074916,0,0.0,0.37165033911333545,1.46423,50.547,kuramoto,-0.074986,4.433653,1.919616,1.8358803391133354
-0.039504,0,0.0,0.3547423391133353,1.481138,47.959,kuramoto,-0.039514,4.879973,1.967575,1.8358803391133354
0.985991,0,0.0,0.13489566088666471,1.970776,43.496,kuramoto,1.403212,5.418574,2.011071,1.8358803391133354
0.993042,0,0.0,0.1382616608866647,1.974142,49.921,kuramoto,1.452759,6.037794,2.060992,1.8358803391133354
0.989104,1,0.0,0.4392418316709217,1.972263,50.036,kuramoto,1.423044,0.374665,2.111029,1.5330211683290784
0.733485,0,0.0,0.3171918316709217,1.850213,128.606,kuramoto,2.318157,1.537188,2.239635,1.5330211683290784
0.995052,0,0.0,0.44208183167092163,1.975103,26.792,kuramoto,1.471281,1.869673,2.266427,1.5330211683290784
0.957311,0,0.0,0.4240618316709215,1.957083,61.558,kuramoto,1.86404,2.626631,2.327984,1.5330211683290784
0.951735,0,0.0,0.4213988316709216,1.95442,65.838,kuramoto,1.882751,3.435121,2.393822,1.5330211683290784
0.956169,0,0.0,0.42351583167092155,1.956537,67.369,kuramoto,1.867966,4.263304,2.461191,1.5330211683290784
0.967797,0,0.0,0.42906783167092155,1.962089,66.671,kuramoto,1.825267,5.085236,2.527862,1.5330211683290784
0.931294,0,0.0,0.41163883167092163,1.94466,49.756,kuramoto,1.19795,5.693184,2.577618,1.5330211683290784
0.90125,0,0.0,0.3972938316709216,1.930315,48.028,kuramoto,1.122645,6.27569,2.625646,1.5330211683290784
0.857447,1,0.0,0.3763798316709215,1.909401,44.196,kuramoto,1.030288,0.522731,2.669842,1.5330211683290784
0.957673,0,0.0,0.42423383167092155,1.957255,122.875,kuramoto,1.862784,1.752511,2.792717,1.5330211683290784
0.933795,0,0.0,0.41283283167092155,1.945854,51.565,kuramoto,1.204876,2.382952,2.844282,1.5330211683290784
0.969039,0,0.0,0.4296608316709216,1.962682,67.345,kuramoto,1.32131,3.21344,2.911626,1.5330211683290784
0.941021,0,0.0,0.41628383167092164,1.949305,66.257,kuramoto,1.225636,4.024949,2.977884,1.5330211683290784
0.91773,0,0.0,0.4051628316709215,1.938184,67.464,kuramoto,1.162328,4.846527,3.045348,1.5330211683290784
0.777432,0,0.0,0.33817483167092166,1.871196,49.577,kuramoto,0.890572,5.429405,3.094925,1.5330211683290784
0.762011,0,0.0,0.18449637135903152,1.863834,50.379,kuramoto,0.866413,6.019384,3.145304,1.6793376286409685
0.260752,1,0.0,0.05483762864096842,1.6245,89.351,kuramoto,0.263801,0.648209,3.234655,1.6793376286409685
0.652032,0,0.0,0.13198537135903154,1.811323,126.332,kuramoto,0.710262,1.786297,3.360986,1.6793376286409685
-0.087032,0,0.0,0.22089262864096848,1.458445,31.682,kuramoto,-0.087142,2.076621,3.392668,1.6793376286409685
0.181087,0,0.0,0.09287462864096852,1.586463,52.036,kuramoto,0.182092,2.59532,3.444705,1.6793376286409685
0.288276,0,0.0,0.04169562864096843,1.637642,58.497,kuramoto,0.292426,3.197235,3.503202,1.6793376286409685
0.367771,0,0.0,0.003739628640968551,1.675598,63.804,kuramoto,0.376611,3.868969,3.567006,1.6793376286409685
0.41397,0,0.0,0.018318371359031582,1.697656,67.137,kuramoto,0.426811,4.585094,3.634143,1.6793376286409685
0.412237,0,0.0,0.01749137135903145,1.696829,66.419,kuramoto,0.424908,5.293224,3.700562,1.6793376286409685
0.836005,0,0.0,0.21982537135903146,1.899163,65.729,kuramoto,0.989962,6.077558,3.766291,1.6793376286409685
0.663724,1,0.0,0.13756737135903152,1.816905,46.902,kuramoto,0.725786,0.329804,3.813193,1.6793376286409685
0.992055,0,0.0,0.2943333713590315,1.973671,113.099,kuramoto,1.444656,1.569899,3.926292,1.6793376286409685
0.49561,0,0.0,0.0572983713590316,1.736636,28.311,kuramoto,0.518537,1.878815,3.954603,1.6793376286409685
0.786556,0,0.0,0.19621537135903155,1.875553,62.721,kuramoto,0.905212,2.617941,4.017323,1.6793376286409685
0.785027,0,0.0,0.19548537135903143,1.874823,66.423,kuramoto,0.90274,3.400397,4.083747,1.6793376286409685
0.758369,0,0.0,0.054826875746740056,1.862094,66.772,kuramoto,0.860807,4.181622,4.150519,1.91692087574674
0.662567,0,0.0,0.10056887574674,1.816352,58.128,kuramoto,0.72424,4.845007,4.208647,1.91692087574674
0.477047,0,0.0,0.18914787574673997,1.727773,39.353,kuramoto,0.497291,5.272218,4.247999,1.91692087574674
0.847346,0,0.0,0.012342875746739868,1.904578,43.248,kuramoto,1.010967,5.789757,4.291247,1.91692087574674
0.870567,1,0.0,0.0012558757467400206,1.915665,49.194,kuramoto,1.056354,0.0987,4.340442,1.91692087574674
0.956068,0,0.0,0.03956812425325995,1.956489,122.704,kuramoto,1.868313,1.327998,4.463146,1.91692087574674
0.818605,0,0.0,0.02606587574674002,1.890855,27.962,kuramoto,0.958978,1.660201,4.491108,1.91692087574674
0.954388,0,0.0,0.03876612425325998,1.955687,56.003,kuramoto,1.267604,2.348357,4.54711,1.91692087574674
0.957874,0,0.0,0.04043012425326009,1.957351,61.178,kuramoto,1.279505,3.100752,4.608289,1.91692087574674
0.955567,0,0.0,0.03932812425325993,1.956249,65.059,kuramoto,1.271576,3.900429,4.673348,1.91692087574674
0.904708,0,0.0,0.0150451242532601,1.931966,57.573,kuramoto,1.130694,4.599296,4.73092,1.91692087574674
0.794548,0,0.0,0.037551875746739904,1.879369,42.51,kuramoto,0.918263,5.101272,4.77343,1.91692087574674
0.758519,0,0.0,0.054754875746739984,1.862166,38.867,kuramoto,0.861038,5.556029,4.812297,1.91692087574674
0.664748,0,0.0,0.09952687574674002,1.817394,35.491,kuramoto,0.727157,5.9613,4.847788,1.91692087574674
0.773041,1,0.0,0.04782087574673999,1.8691,49.757,kuramoto,0.883622,0.262451,4.897545,1.91692087574674
0.996879,0,0.0,0.059054124253260065,1.975975,119.625,kuramoto,1.64982,1.503992,5.01717,1.91692087574674
0.683149,0,0.0,0.09074087574674006,1.82618,30.451,kuramoto,0.752066,1.853398,5.047621,1.91692087574674
0.858028,0,0.0,0.007242875746739985,1.909678,55.693,kuramoto,1.031418,2.52165,5.103314,1.91692087574674
0.867022,0,0.0,0.0765766326231927,1.913973,60.766,kuramoto,1.049195,3.252412,5.16408,1.8373963673768072
0.898578,0,0.0,0.09164363262319286,1.92904,70.691,kuramoto,1.116519,4.109229,5.234772,1.8373963673768072
0.618615,0,0.0,0.04202936737680729,1.795367,36.075,kuramoto,0.666978,4.516177,5.270847,1.8373963673768072
0.652412,0,0.0,0.025892367376807224,1.811504,39.924,kuramoto,0.710763,4.970594,5.310771,1.8373963673768072
0.631477,0,0.0,0.03588836737680712,1.801508,37.832,kuramoto,0.683456,5.398822,5.348603,1.8373963673768072
0.773512,0,0.0,0.031928632623192676,1.869325,49.391,kuramoto,0.884363,5.978936,5.397994,1.8373963673768072
0.76925,1,0.0,0.029893632623192667,1.86729,50.502,kuramoto,0.877667,0.288267,5.448496,1.8373963673768072
0.970801,0,0.0,0.12612663262319268,1.963523,134.565,kuramoto,1.813047,1.521985,5.583061,1.8373963673768072
0.980507,0,0.0,0.1307606326231927,1.968157,69.902,kuramoto,1.373024,2.386419,5.652964,1.8373963673768072
0.927964,0,0.0,0.10567363262319285,1.94307,59.917,kuramoto,1.188911,3.117929,5.712881,1.8373963673768072
0.900564,0,0.0,0.09259163262319281,1.929988,58.45,kuramoto,1.121066,3.826725,5.771331,1.8373963673768072
0.768193,0,0.0,0.02938863262319269,1.866785,40.843,kuramoto,0.876014,4.305787,5.812174,1.8373963673768072
0.73816,0,0.0,0.01504863262319267,1.852445,38.169,kuramoto,0.830339,4.750049,5.850343,1.8373963673768072
0.701778,0,0.0,0.002322367376807133,1.835074,34.508,kuramoto,0.777891,5.147929,5.884851,1.8373963673768072
0.80741,0,0.0,0.04811363262319279,1.88551,49.297,kuramoto,0.939749,5.731954,5.934149,1.8373963673768072
0.79898,1,0.0,0.04408863262319285,1.881485,50.19,kuramoto,0.925596,0.042099,5.984338,1.8373963673768072
-0.042087,0,0.0,0.3574913673768072,1.479905,118.808,kuramoto,-0.042099,0.971951,6.103147,1.8373963673768072
-0.576188,0,0.0,0.6125063673768072,1.22489,31.701,kuramoto,-0.614057,1.215928,6.134848,1.8373963673768072
-0.269423,0,0.0,0.652295301570988,1.37136,51.838,kuramoto,-0.272794,1.662594,6.186686,2.023655301570988
0.074931,0,0.0,0.487878301570988,1.535777,70.37,kuramoto,0.075002,2.341638,6.257056,2.023655301570988
-0.014671,0,0.0,0.5306603015709879,1.492995,52.204,kuramoto,-0.014672,2.831354,6.309261,2.023655301570988
0.249667,0,0.0,0.4044483015709879,1.619207,67.028,kuramoto,0.252336,3.513279,6.376288,2.023655301570988
0.297956,0,0.0,0.3813923015709879,1.642263,64.85,kuramoto,0.302551,4.182446,6.441139,2.023655301570988
0.862836,0,0.0,0.11168130157098788,1.911974,45.511,kuramoto,2.100739,4.729186,6.48665,2.023655301570988
0.890029,0,0.0,0.09869830157098791,1.924957,43.172,kuramoto,2.044184,5.251342,6.529822,2.023655301570988
0.922865,0,0.0,0.08301930157098791,1.940636,39.114,kuramoto,1.966138,5.728269,6.568935,2.023655301570988
0.878354,1,0.0,0.10427230157098788,1.919383,51.079,kuramoto,2.069184,0.061093,6.620015,2.023655301570988
0.167436,0,0.0,0.443710301570988,1.579945,133.886,kuramoto,2.973364,1.053802,6.753901,2.023655301570988
0.451028,0,0.0,0.308305301570988,1.71535,61.036,kuramoto,2.673676,1.711637,6.814937,2.023655301570988
0.400877,0,0.0,0.3322503015709879,1.691405,62.82,kuramoto,2.729119,2.37925,6.877757,2.023655301570988
0.541611,0,0.0,0.265055301570988,1.7586,44.717,kuramoto,2.56924,2.873357,6.922474,2.023655301570988
0.616892,0,0.0,0.22911130157098802,1.794544,35.376,kuramoto,2.476805,3.272239,6.95785,2.023655301570988
0.130275,0,0.0,0.46145330157098785,1.562202,36.511,kuramoto,3.010946,3.630616,6.994361,2.023655301570988
-0.086654,0,0.0,0.565029301570988,1.458626,49.57,kuramoto,-3.05483,4.084913,7.043931,2.023655301570988
-0.21246,0,0.0,0.625097301570988,1.398558,50.072,kuramoto,-2.927501,4.524918,7.094003,2.023655301570988
-0.34557,0,0.0,0.688652301570988,1.335003,49.825,kuramoto,-2.788747,4.942858,7.143828,2.023655301570988
-0.492946,0,0.0,0.36340392589473836,1.264636,49.981,kuramoto,-2.62612,5.340005,7.19381,1.6280399258947384
-0.783756,0,0.0,0.5022559258947386,1.125784,67.354,kuramoto,-2.240902,5.816434,7.261164,1.6280399258947384
-0.822218,0,0.0,0.5206199258947384,1.10742,46.578,kuramoto,-2.176295,6.140529,7.307741,1.6280399258947384
-0.985384,1,0.0,0.5985259258947384,1.029514,65.292,kuramoto,-1.74198,0.279692,7.373033,1.6280399258947384
-0.544173,0,0.0,0.38786292589473836,1.240177,136.791,kuramoto,-0.575403,1.058918,7.509824,1.6280399258947384
-0.727947,0,0.0,0.47560892589473847,1.152431,46.429,kuramoto,-0.815323,1.395107,7.556253,1.6280399258947384
-0.56063,0,0.0,0.3957209258947385,1.232319,47.898,kuramoto,-0.595146,1.765974,7.604151,1.6280399258947384
-0.981013,0,0.0,0.5964389258947385,1.031601,43.979,kuramoto,-1.765974,2.051034,7.64813,1.6280399258947384
-0.995778,0,0.0,0.6034889258947385,1.024551,50.391,kuramoto,-1.478877,2.375423,7.698521,1.6280399258947384
-0.944575,0,0.0,0.5790409258947384,1.048999,49.934,kuramoto,-1.236298,2.704542,7.748455,1.6280399258947384
-0.841831,0,0.0,0.5299849258947384,1.098055,49.739,kuramoto,-1.000666,3.047704,7.798194,1.6280399258947384
-0.698924,0,0.0,0.46175192589473846,1.166288,50.195,kuramoto,-0.773892,3.415536,7.848389,1.6280399258947384
-0.474531,0,0.0,0.35461192589473844,1.273428,57.008,kuramoto,-0.494431,3.871672,7.905398,1.6280399258947384
-0.238543,0,0.0,0.24193592589473845,1.386104,62.505,kuramoto,-0.240865,4.416036,7.967903,1.6280399258947384
-0.074774,0,0.0,0.16374192589473835,1.464298,62.565,kuramoto,-0.074843,4.991665,8.030468,1.6280399258947384
-0.133414,0,0.0,0.19173992589473854,1.4363,45.503,kuramoto,-0.133813,5.402311,8.075971,1.6280399258947384
-0.083599,0,0.0,0.16795492589473837,1.460085,40.58,kuramoto,-0.083696,5.774594,8.116551,1.6280399258947384
-0.034982,0,0.0,0.14474292589473836,1.483297,37.078,kuramoto,-0.034989,6.12015,8.153629,1.6280399258947384
0.162314,1,0.0,0.7883903526604419,1.577499,49.799,kuramoto,0.163035,0.330559,8.203428,2.365889352660442
0.924771,0,0.0,0.4243433526604419,1.941546,132.927,kuramoto,1.180433,1.550468,8.336355,2.365889352660442
0.663966,0,0.0,0.5488693526604418,1.81702,67.351,kuramoto,0.72611,2.319394,8.403706,2.365889352660442
0.557234,0,0.0,0.5998293526604419,1.76606,55.763,kuramoto,0.591051,2.93817,8.459469,2.365889352660442
0.618608,0,0.0,0.5705253526604419,1.795364,61.115,kuramoto,0.66697,3.627578,8.520584,2.365889352660442
0.585591,0,0.0,0.5862903526604419,1.779599,57.011,kuramoto,0.625609,4.265048,8.577595,2.365889352660442
0.9016,0,0.0,0.4354063526604419,1.930483,40.908,kuramoto,2.018137,4.761247,8.618503,2.365889352660442
0.926627,0,0.0,0.42345735266044193,1.942432,37.39,kuramoto,1.956252,5.217582,8.655893,2.365889352660442
0.946448,0,0.0,0.4139933526604418,1.951896,34.404,kuramoto,1.899541,5.639513,8.690297,2.365889352660442
0.882978,0,0.0,0.4442983526604418,1.921591,50.088,kuramoto,2.059423,6.244267,8.740385,2.365889352660442
0.890684,1,0.0,0.44061935266044183,1.92527,50.628,kuramoto,2.042745,0.573516,8.791013,2.365889352660442
0.229355,0,0.0,0.7563803526604418,1.609509,127.402,kuramoto,2.910178,1.5848,8.918415,2.365889352660442
0.526086,0,0.0,0.6147023526604418,1.751187,59.291,kuramoto,2.587601,2.237181,8.977706,2.365889352660442
0.421624,0,0.0,0.6645783526604419,1.701311,66.387,kuramoto,2.706357,2.946839,9.044093,2.365889352660442
0.359386,0,0.0,0.6942953526604418,1.671594,66.917,kuramoto,2.773982,3.64966,9.11101,2.365889352660442
0.486489,0,0.0,0.6336083526604419,1.732281,50.337,kuramoto,2.633526,4.197539,9.161347,2.365889352660442
0.481038,0,0.0,0.02602789071312528,1.729679,48.197,kuramoto,2.639754,4.721344,9.209544,1.7036511092868747
0.370075,0,0.0,0.026953109286874666,1.676698,56.239,kuramoto,2.762503,5.313818,9.265783,1.7036511092868747
0.475019,0,0.0,0.023153890713125236,1.726805,41.454,kuramoto,2.646607,5.763584,9.307237,1.7036511092868747
0.273379,1,0.0,0.07312210928687479,1.630529,58.091,kuramoto,2.864689,0.075535,9.365327,1.7036511092868747
-0.605001,0,0.0,0.4925181092868747,1.211133,132.37,kuramoto,-2.491825,0.836512,9.497697,1.7036511092868747
-0.591283,0,0.0,0.4859681092868746,1.217683,64.702,kuramoto,-2.508944,1.331545,9.5624,1.7036511092868747
-0.79175,0,0.0,0.5816841092868748,1.121967,67.503,kuramoto,-2.227925,1.807408,9.629903,1.7036511092868747
-0.932633,0,0.0,0.6489501092868746,1.054701,66.44,kuramoto,-1.93995,2.247698,9.696343,1.7036511092868747
-0.999254,0,0.0,0.6807601092868747,1.022891,67.047,kuramoto,-1.609422,2.678614,9.76339,1.7036511092868747
-0.446615,0,0.0,0.41689410928687476,1.286757,49.667,kuramoto,-2.678614,3.080166,9.813057,1.7036511092868747
-0.586636,0,0.0,0.48374910928687465,1.219902,49.746,kuramoto,-2.514693,3.461465,9.862803,1.7036511092868747
-0.723698,0,0.0,0.5491911092868746,1.15446,49.577,kuramoto,-2.332447,3.821081,9.91238,1.7036511092868747
-0.888573,0,0.0,0.6279131092868746,1.075738,56.716,kuramoto,-2.047368,4.204426,9.969096,1.7036511092868747
-0.987251,0,0.0,0.6750291092868748,1.028622,61.587,kuramoto,-1.730648,4.602465,10.030683,1.7036511092868747
-0.980756,0,0.0,0.6719281092868747,1.031723,66.366,kuramoto,-1.374298,5.032683,10.097049,1.7036511092868747
-0.858688,0,0.0,0.6136451092868747,1.090006,67.899,kuramoto,-1.032705,5.497702,10.164948,1.7036511092868747
-0.677346,0,0.0,0.565917621435823,1.176591,66.294,kuramoto,-0.744149,5.987799,10.231242,1.742508621435823
-0.311554,1,0.0,0.3912646214358231,1.351244,80.708,kuramoto,-0.316828,0.389836,10.31195,1.742508621435823
-0.380036,0,0.0,0.423962621435823,1.318546,118.924,kuramoto,-0.389836,1.218302,10.430875,1.742508621435823
-0.433294,0,0.0,0.449390621435823,1.293118,67.753,kuramoto,-0.448144,1.768791,10.498628,1.742508621435823
-0.313509,0,0.0,0.39219862143582307,1.35031,59.799,kuramoto,-0.318886,2.276145,10.558428,1.742508621435823
-0.093259,0,0.0,0.28703662143582287,1.455472,64.471,kuramoto,-0.093395,2.86573,10.622898,1.742508621435823
0.075023,0,0.0,0.20668762143582287,1.535821,66.69,kuramoto,0.075094,3.50928,10.689588,1.742508621435823
0.198765,0,0.0,0.147605621435823,1.594903,67.612,kuramoto,0.200098,4.186826,10.757201,1.742508621435823
0.270834,0,0.0,0.11319462143582304,1.629314,66.13,kuramoto,0.27426,4.863819,10.823331,1.742508621435823
0.988556,0,0.0,0.22949237856417692,1.972001,67.295,kuramoto,1.419366,5.697628,10.890625,1.742508621435823
0.914178,1,0.0,0.19397937856417702,1.936488,49.629,kuramoto,1.153475,0.018293,10.940254,1.742508621435823
0.947647,0,0.0,0.20995937856417712,1.952468,117.639,kuramoto,1.895807,1.245065,11.057893,1.742508621435823
0.872339,0,0.0,0.1740023785641771,1.916511,34.162,kuramoto,1.059966,1.656442,11.092056,1.742508621435823
0.986013,0,0.0,0.22827737856417696,1.970786,65.956,kuramoto,1.403345,2.473165,11.158012,1.742508621435823
0.977497,0,0.0,0.22421237856417697,1.966721,67.431,kuramoto,1.358252,3.306425,11.225443,1.742508621435823
0.956129,0,0.0,0.2581417533833028,1.956518,65.409,kuramoto,1.273491,4.110513,11.290852,1.6983762466166972
0.824275,0,0.0,0.1951857533833028,1.893562,56.053,kuramoto,2.172672,4.777408,11.346905,1.6983762466166972
0.937056,0,0.0,0.24903475338330283,1.947411,35.256,kuramoto,1.927492,5.208792,11.382161,1.6983762466166972
0.918636,0,0.0,0.24024075338330286,1.938617,40.201,kuramoto,1.976977,5.698468,11.422362,1.6983762466166972
0.873018,1,0.0,0.2184587533833029,1.916835,49.57,kuramoto,2.080236,0.012291,11.471931,1.6983762466166972
0.049908,0,0.0,0.17454724661669707,1.523829,134.466,kuramoto,3.091664,0.969741,11.606397,1.6983762466166972
0.462771,0,0.0,0.0225807533833029,1.720957,43.996,kuramoto,2.660474,1.445469,11.650393,1.6983762466166972
0.148742,0,0.0,0.12735724661669723,1.571019,67.512,kuramoto,2.992297,2.111877,11.717904,1.6983762466166972
0.021174,0,0.0,0.1882662466166971,1.51011,66.423,kuramoto,3.120417,2.742118,11.784327,1.6983762466166972
-0.150394,0,0.0,0.27018424661669727,1.428192,67.08,kuramoto,-2.990626,3.344064,11.851407,1.6983762466166972
-0.148507,0,0.0,0.2692832466166972,1.429093,50.163,kuramoto,-2.992535,3.794494,11.901571,1.6983762466166972
-0.322647,0,0.0,0.35242924661669717,1.345947,52.66,kuramoto,-2.813068,4.239829,11.95423,1.6983762466166972
0.890406,0,0.0,0.22676175338330284,1.925138,49.291,kuramoto,2.043356,4.836054,12.003521,1.6983762466166972
0.897144,0,0.0,0.22997875338330287,1.928355,50.79,kuramoto,2.028332,5.451431,12.054311,1.6983762466166972
0.921122,0,0.0,0.24142675338330277,1.939803,48.735,kuramoto,1.97064,6.045416,12.103046,1.6983762466166972
0.92693,1,0.0,0.2441997533833029,1.942576,50.579,kuramoto,1.955447,0.379576,12.153625,1.6983762466166972
0.396435,0,0.0,0.009092246616697164,1.689284,121.981,kuramoto,2.733962,1.440985,12.275605,1.6983762466166972
0.754545,0,0.0,0.3238282220787492,1.860269,53.663,kuramoto,2.286632,2.068216,12.329268,1.5364407779212508
0.609429,0,0.0,0.25454022207874916,1.790981,72.256,kuramoto,2.486252,2.881322,12.401524,1.5364407779212508
0.885205,0,0.0,0.3862132220787493,1.922654,33.339,kuramoto,2.054658,3.284074,12.434864,1.5364407779212508
0.869828,0,0.0,0.3788712220787491,1.915312,37.999,kuramoto,2.086739,3.741362,12.472863,1.5364407779212508
0.881807,0,0.0,0.3845912220787493,1.921032,37.792,kuramoto,2.061912,4.197515,12.510654,1.5364407779212508
0.870355,0,0.0,0.37912322207874927,1.915564,47.61,kuramoto,2.08567,4.770542,12.558264,1.5364407779212508
0.891112,0,0.0,0.38903422207874927,1.925475,46.743,kuramoto,2.041803,5.336043,12.605007,1.5364407779212508
0.888272,0,0.0,0.38767822207874914,1.924119,50.503,kuramoto,2.048023,5.946599,12.65551,1.5364407779212508
0.909314,1,0.0,0.39772422207874913,1.934165,49.687,kuramoto,1.99996,0.267251,12.705197,1.5364407779212508
0.342877,0,0.0,0.1272712220787493,1.663712,123.27,kuramoto,2.791615,1.312592,12.828467,1.5364407779212508
0.787288,0,0.0,0.3394612220787492,1.875902,43.188,kuramoto,2.235195,1.821639,12.871655,1.5364407779212508
0.626966,0,0.0,0.2629132220787491,1.799354,65.172,kuramoto,2.46394,2.558457,12.936828,1.5364407779212508
0.611297,0,0.0,0.25543222207874927,1.791873,66.849,kuramoto,2.483895,3.311086,13.003677,1.5364407779212508
0.643218,0,0.0,0.27067322207874933,1.807114,62.862,kuramoto,2.442899,4.024845,13.066538,1.5364407779212508
0.783345,0,0.0,0.33757922207874924,1.87402,45.264,kuramoto,2.241563,4.557825,13.111803,1.5364407779212508
0.817499,0,0.0,0.3538862220787493,1.890327,42.043,kuramoto,2.184537,5.057183,13.153846,1.5364407779212508
0.941145,0,0.0,0.4129232220787493,1.949364,37.882,kuramoto,1.226003,5.521174,13.191728,1.5364407779212508
0.971255,0,0.0,0.42729922207874926,1.96374,50.213,kuramoto,1.330449,6.140723,13.241941,1.5364407779212508
0.957605,1,0.0,0.42078222207874916,1.957223,50.145,kuramoto,1.278572,0.474199,13.292086,1.5364407779212508
0.893398,0,0.0,0.015523378646270514,1.926566,121.445,kuramoto,2.036739,1.684697,13.41353,1.9110426213537295
0.970864,0,0.0,0.05251037864627062,1.963553,44.394,kuramoto,1.328809,2.2324,13.457924,1.9110426213537295
0.982208,0,0.0,0.05792737864627062,1.96897,53.069,kuramoto,1.381876,2.888933,13.510993,1.9110426213537295
0.996684,0,0.0,0.06483837864627051,1.975881,67.487,kuramoto,1.489334,3.726768,13.578479,1.9110426213537295
0.987162,0,0.0,0.06029237864627057,1.971335,67.036,kuramoto,1.410388,4.557092,13.645515,1.9110426213537295
0.987966,0,0.0,0.06067637864627051,1.971719,65.068,kuramoto,1.726093,5.363198,13.710583,1.9110426213537295
0.992929,0,0.0,0.0630463786462705,1.974089,46.451,kuramoto,1.451804,5.939351,13.757034,1.9110426213537295
0.98184,1,0.0,0.057751378646270446,1.968794,44.045,kuramoto,1.379931,0.201021,13.801079,1.9110426213537295
0.876274,0,0.0,0.007347378646270553,1.91839,108.17,kuramoto,2.073519,1.406381,13.909249,1.9110426213537295
0.992326,0,0.0,0.06275837864627043,1.973801,50.543,kuramoto,1.446827,2.0332,13.959791,1.9110426213537295
0.999938,0,0.0,0.06639237864627057,1.977435,66.546,kuramoto,1.581901,2.860008,14.026337,1.9110426213537295
0.998756,0,0.0,0.06582837864627056,1.976871,66.889,kuramoto,1.520907,3.690835,14.093226,1.9110426213537295
0.99424,0,0.0,0.06367237864627051,1.974715,67.545,kuramoto,1.463413,4.528905,14.160772,1.9110426213537295
0.982711,0,0.0,0.05816737864627042,1.96921,66.314,kuramoto,1.384574,5.349397,14.227085,1.9110426213537295
0.905778,0,0.0,0.021434378646270513,1.932477,49.71,kuramoto,1.133211,5.952977,14.276795,1.9110426213537295
0.891963,1,0.0,0.014838378646270467,1.925881,49.964,kuramoto,1.10167,0.274385,14.326758,1.9110426213537295
-0.270955,0,0.0,0.74553318943462,1.370629,116.779,kuramoto,-0.274385,1.135576,14.443537,2.11616218943462
-0.666062,0,0.0,0.9341831894346202,1.181979,37.945,kuramoto,-0.728917,1.417379,14.481482,2.11616218943462
-0.504063,0,0.0,0.8568341894346201,1.259328,45.015,kuramoto,-0.528297,1.773561,14.526497,2.11616218943462
-0.326895,0,0.0,0.77224318943462,1.343919,51.457,kuramoto,-0.333017,2.208066,14.577954,2.11616218943462
-0.143406,0,0.0,0.68463318943462,1.431529,58.19,kuramoto,-0.143902,2.731455,14.636143,2.11616218943462
0.01391,0,0.0,0.6095211894346202,1.506641,63.563,kuramoto,0.01391,3.33317,14.699706,2.11616218943462
0.132351,0,0.0,0.55296918943462,1.563193,67.234,kuramoto,0.132741,3.993528,14.766939,2.11616218943462
0.752556,0,0.0,0.25684318943462014,1.859319,48.209,kuramoto,2.289658,4.55673,14.815149,2.11616218943462
0.811105,0,0.0,0.2288881894346202,1.887274,43.771,kuramoto,2.195553,5.075773,14.85892,2.11616218943462
0.859228,0,0.0,0.20591118943462017,1.910251,40.247,kuramoto,2.107834,5.558832,14.899166,2.11616218943462
0.82945,0,0.0,0.22012918943462,1.896033,50.265,kuramoto,2.16347,6.157649,14.949432,2.11616218943462
0.834534,1,0.0,0.21770118943462013,1.898461,55.02,kuramoto,2.154306,0.530765,15.004452,2.11616218943462
0.23857,0,0.0,0.50225318943462,1.613909,130.885,kuramoto,2.900699,1.544814,15.135337,2.11616218943462
0.55381,0,0.0,0.3517371894346202,1.764425,62.332,kuramoto,2.55466,2.235834,15.197668,2.11616218943462
0.525768,0,0.0,0.36512618943462005,1.751036,67.587,kuramoto,2.587975,2.979436,15.265255,2.11616218943462
0.552881,0,0.0,0.35218118943462007,1.763981,66.38,kuramoto,2.555774,3.715158,15.331636,2.11616218943462
0.54263,0,0.0,0.35707518943462,1.759087,49.74,kuramoto,2.568027,4.264915,15.381376,2.11616218943462
0.558747,0,0.0,0.34938018943462,1.766782,47.318,kuramoto,2.548718,4.790193,15.428694,2.11616218943462
0.595573,0,0.0,0.2401425483892501,1.784365,42.833,kuramoto,2.503614,5.270421,15.471527,1.54422245161075
0.353794,0,0.0,0.12470154838925018,1.668924,67.49,kuramoto,2.779969,5.978132,15.539017,1.54422245161075
0.444347,1,0.0,0.16793754838925,1.71216,54.315,kuramoto,2.681148,0.279263,15.593333,1.54422245161075
-0.45937,0,0.0,0.2635554516107499,1.280667,135.773,kuramoto,-2.664307,1.08393,15.729105,1.54422245161075
-0.387556,0,0.0,0.22926645161074988,1.314956,64.705,kuramoto,-2.743614,1.618529,15.79381,1.54422245161075
-0.577569,0,0.0,0.3199914516107498,1.224231,67.114,kuramoto,-2.525845,2.134777,15.860924,1.54422245161075
-0.612904,0,0.0,0.3368624516107499,1.20736,49.975,kuramoto,-2.481862,2.513888,15.910899,1.54422245161075
-0.747016,0,0.0,0.4008964516107498,1.143326,50.217,kuramoto,-2.298031,2.874632,15.961116,1.54422245161075
-0.263801,0,0.0,0.17017845161074985,1.374044,46.503,kuramoto,-2.874632,3.276106,16.007619,1.54422245161075
-0.435817,0,0.0,0.2523094516107498,1.291913,52.225,kuramoto,-2.690647,3.700036,16.059844,1.54422245161075
-0.554927,0,0.0,0.3091804516107499,1.235042,50.067,kuramoto,-2.553317,4.088552,16.10991,1.54422245161075
-0.689845,0,0.0,0.3735994516107499,1.170623,50.089,kuramoto,-2.380318,4.456972,16.16,1.54422245161075
-0.829628,0,0.0,0.44034045161074986,1.103882,52.237,kuramoto,-2.163151,4.81928,16.212236,1.54422245161075
-0.95698,0,0.0,0.50114645161075,1.043076,58.899,kuramoto,-1.865186,5.205294,16.271135,1.54422245161075
-0.998993,0,0.0,0.52120645161075,1.023016,64.697,kuramoto,-1.525925,5.621156,16.335833,1.54422245161075
-0.928417,0,0.0,0.48750845161074996,1.056714,67.051,kuramoto,-1.190128,6.066343,16.402884,1.54422245161075
-0.776136,1,0.0,0.41480045161074997,1.129422,66.618,kuramoto,-0.888514,0.2559,16.469501,1.54422245161075
-0.253116,0,0.0,0.9637099352794558,1.379146,137.952,kuramoto,-0.2559,1.122443,16.607454,2.342855935279456
-0.588008,0,0.0,1.1236089352794558,1.219247,45.825,kuramoto,-0.628593,1.4735,16.653279,2.342855935279456
-0.701263,0,0.0,1.1776839352794557,1.165172,18.789,kuramoto,-0.777167,1.611054,16.672068,2.342855935279456
-0.281725,0,0.0,0.9773699352794558,1.365486,58.378,kuramoto,-0.285591,2.111917,16.730446,2.342855935279456
-0.098901,0,0.0,0.8900779352794559,1.452778,63.785,kuramoto,-0.099063,2.694148,16.794231,2.342855935279456
0.037546,0,0.0,0.8249289352794558,1.517927,66.704,kuramoto,0.037554,3.330327,16.860935,2.342855935279456
0.126737,0,0.0,0.7823439352794559,1.560512,67.34,kuramoto,0.127079,3.990592,16.928274,2.342855935279456
0.184829,0,0.0,0.7546069352794558,1.588249,66.725,kuramoto,0.185897,4.656463,16.995,2.342855935279456
0.998437,0,0.0,0.3661379352794558,1.976718,67.262,kuramoto,1.626723,5.491865,17.062262,2.342855935279456
0.968618,0,0.0,0.3803749352794559,1.962481,49.021,kuramoto,1.319611,6.096328,17.111283,2.342855935279456
0.949559,1,0.0,0.38947493527945576,1.953381,49.8,kuramoto,1.251828,0.424358,17.161083,2.342855935279456
0.956517,0,0.0,0.3861529352794557,1.956703,113.779,kuramoto,1.866777,1.653791,17.274862,2.342855935279456
0.96251,0,0.0,0.3832909352794558,1.959565,61.128,kuramoto,1.29611,2.406423,17.33599,2.342855935279456
0.953545,0,0.0,0.38757193527945577,1.955284,66.932,kuramoto,1.264793,3.228716,17.402922,2.342855935279456
0.917021,0,0.0,0.40501093527945575,1.937845,66.629,kuramoto,1.160546,4.039981,17.469552,2.342855935279456
0.775122,0,0.0,0.4727629352794558,1.870093,49.888,kuramoto,0.886908,4.626168,17.519439,2.342855935279456
0.740179,0,0.0,0.4894459352794558,1.85341,49.423,kuramoto,0.833337,5.20171,17.568862,2.342855935279456
0.882652,0,0.0,0.2521788869683377,1.921435,44.853,kuramoto,1.081475,5.743207,17.613715,1.6692561130316623
0.947111,1,0.0,0.28295588696833773,1.952212,62.811,kuramoto,1.24411,0.230471,17.676526,1.6692561130316623
0.988675,0,0.0,0.30280188696833776,1.972058,111.307,kuramoto,1.721437,1.469552,17.787833,1.6692561130316623
0.742904,0,0.0,0.18545388696833776,1.85471,31.671,kuramoto,0.837398,1.83863,17.819504,1.6692561130316623
0.895255,0,0.0,0.25819688696833776,1.927453,57.152,kuramoto,1.109004,2.530767,17.876655,1.6692561130316623
0.902031,0,0.0,0.26143188696833763,1.930688,63.119,kuramoto,1.124452,3.29646,17.939775,1.6692561130316623
0.896633,0,0.0,0.2588548869683376,1.928111,67.201,kuramoto,1.112105,4.110584,18.006976,1.6692561130316623
0.865668,0,0.0,0.24406988696833776,1.913326,66.769,kuramoto,1.046483,4.913271,18.073745,1.6692561130316623
0.827631,0,0.0,0.22590888696833766,1.895165,65.215,kuramoto,0.974874,5.68983,18.13896,1.6692561130316623
0.559146,0,0.0,0.09771688696833758,1.766973,47.154,kuramoto,0.593356,6.213341,18.186114,1.6692561130316623
0.534205,1,0.0,0.08580788696833763,1.755064,44.736,kuramoto,0.563567,0.423475,18.23085,1.6692561130316623
0.957812,0,0.0,0.2880658869683377,1.957322,109.55,kuramoto,1.279291,1.653296,18.3404,1.6692561130316623
0.483308,0,0.0,0.061506886968337726,1.730763,41.223,kuramoto,0.50443,2.101589,18.381624,1.6692561130316623
0.702554,0,0.0,0.16618888696833767,1.835445,65.496,kuramoto,0.77898,2.856919,18.44712,1.6692561130316623
0.694054,0,0.0,0.16212988696833763,1.831386,67.364,kuramoto,0.767105,3.63207,18.514484,1.6692561130316623
0.662401,0,0.0,0.1470168869683377,1.816273,66.332,kuramoto,0.724019,4.389045,18.580815,1.6692561130316623
0.648589,0,0.0,0.030096079169874113,1.809678,66.932,kuramoto,0.705729,5.150093,18.647747,1.839774079169874
0.905727,0,0.0,0.09267892083012597,1.932453,58.709,kuramoto,1.133092,5.86294,18.706456,1.839774079169874
0.769196,1,0.0,0.027489920830126024,1.867264,40.677,kuramoto,0.877583,0.056987,18.747133,1.839774079169874
0.972159,0,0.0,0.12439792083012602,1.964172,125.139,kuramoto,1.807317,1.291112,18.872271,1.839774079169874
0.829918,0,0.0,0.05648292083012607,1.896257,36.09,kuramoto,0.978961,1.721108,18.908361,1.839774079169874
0.959028,0,0.0,0.11812792083012602,1.957902,65.336,kuramoto,1.283551,2.524858,18.973697,1.839774079169874
0.943613,0,0.0,0.11076792083012599,1.950542,67.025,kuramoto,1.233379,3.346289,19.040722,1.839774079169874
0.917803,0,0.0,0.09844392083012599,1.938218,66.757,kuramoto,1.16251,4.159263,19.107478,1.839774079169874
0.893283,0,0.0,0.08673692083012607,1.926511,67.157,kuramoto,1.104597,4.972169,19.174635,1.839774079169874
0.966446,0,0.0,0.12166992083012595,1.961444,49.857,kuramoto,1.311016,5.586616,19.224492,1.839774079169874
0.950946,0,0.0,0.11426892083012596,1.954043,49.782,kuramoto,1.256278,6.197818,19.274274,1.839774079169874
0.92187,1,0.0,0.1003859208301261,1.94016,46.944,kuramoto,1.172878,0.486895,19.321218,1.839774079169874
0.921128,0,0.0,0.10003192083012591,1.939806,121.851,kuramoto,1.970623,1.705711,19.443069,1.839774079169874
0.975992,0,0.0,0.12622792083012602,1.966002,53.314,kuramoto,1.35123,2.364286,19.496383,1.839774079169874
0.99261,0,0.0,0.1341619208301259,1.973936,67.284,kuramoto,1.449149,3.198785,19.563667,1.839774079169874
0.979813,0,0.0,0.12805192083012606,1.967826,67.14,kuramoto,1.369522,4.028917,19.630807,1.839774079169874
0.958591,0,0.0,0.18483398906736137,1.957693,66.05,kuramoto,1.282012,4.841374,19.696858,1.7728590109326385
0.991693,0,0.0,0.20063998906736136,1.973499,76.537,kuramoto,1.441812,5.790425,19.773395,1.7728590109326385
0.813512,0,0.0,0.11556398906736143,1.888423,40.052,kuramoto,0.950165,6.265654,19.813447,1.7728590109326385
0.855877,1,0.0,0.13579198906736156,1.908651,48.362,kuramoto,1.027244,0.562446,19.861809,1.7728590109326385
0.952867,0,0.0,0.1821009890673615,1.95496,125.371,kuramoto,1.879044,1.790784,19.98718,1.7728590109326385
0.923089,0,0.0,0.16788398906736157,1.940743,46.0,kuramoto,1.176037,2.351707,20.03318,1.7728590109326385
0.980632,0,0.0,0.19535798906736157,1.968217,66.421,kuramoto,1.373663,3.173117,20.099601,1.7728590109326385
0.967782,0,0.0,0.18922298906736157,1.962082,66.9,kuramoto,1.316265,3.997863,20.166501,1.7728590109326385
0.875246,0,0.0,0.14503998906736149,1.917899,50.299,kuramoto,1.065943,4.603987,20.2168,1.7728590109326385
0.846915,0,0.0,0.13151298906736142,1.904372,48.189,kuramoto,1.010156,5.180598,20.264989,1.7728590109326385
0.892378,0,0.0,0.15321998906736156,1.926079,45.397,kuramoto,1.102587,5.729991,20.310386,1.7728590109326385
0.898481,1,0.0,0.15613398906736142,1.928993,49.307,kuramoto,1.116297,0.04442,20.359693,1.7728590109326385
0.95451,0,0.0,0.18288598906736153,1.955745,118.64,kuramoto,1.873581,1.273251,20.478333,1.7728590109326385
0.841962,0,0.0,0.12914798906736147,1.902007,31.187,kuramoto,1.00091,1.645951,20.50952,1.7728590109326385
0.956121,0,0.0,0.18365498906736155,1.956514,56.5,kuramoto,1.273461,2.34052,20.56602,1.7728590109326385
0.959728,0,0.0,0.18537698906736155,1.958236,61.92,kuramoto,1.286033,3.102377,20.62794,1.7728590109326385
0.95981,0,0.0,0.18541698906736137,1.958276,66.736,kuramoto,1.286325,3.923516,20.694676,1.7728590109326385
0.940154,0,0.0,0.03318916512375214,1.94889,66.364,kuramoto,1.223081,4.736159,20.76104,1.9820791651237522
0.968419,0,0.0,0.019693165123752188,1.962386,79.54,kuramoto,1.318809,5.716891,20.84058,1.9820791651237522
0.536508,0,0.0,0.2259151651237521,1.756164,37.469,kuramoto,0.566294,6.130331,20.878049,1.9820791651237522
0.631115,1,0.0,0.18074416512375224,1.801335,46.421,kuramoto,0.68299,0.372538,20.924469,1.9820791651237522
0.990857,0,0.0,0.008979165123752075,1.9731,111.895,kuramoto,1.435469,1.612273,21.036364,1.9820791651237522
0.608044,0,0.0,0.19176016512375216,1.790319,40.092,kuramoto,0.653594,2.063262,21.076456,1.9820791651237522
0.797818,0,0.0,0.10114916512375216,1.88093,63.139,kuramoto,0.923666,2.809449,21.139595,1.9820791651237522
0.808466,0,0.0,0.09606516512375207,1.886014,66.904,kuramoto,0.941541,3.602272,21.206499,1.9820791651237522
0.76203,0,0.0,0.11823716512375215,1.863842,62.846,kuramoto,0.866442,4.338258,21.269345,1.9820791651237522
0.602931,0,0.0,0.19420116512375207,1.787878,45.245,kuramoto,0.647169,4.846523,21.31459,1.9820791651237522
0.569348,0,0.0,0.21023516512375218,1.771844,40.875,kuramoto,0.605713,5.301583,21.355466,1.9820791651237522
0.831389,0,0.0,0.08512016512375209,1.896959,38.227,kuramoto,0.981603,5.757202,21.393692,1.9820791651237522
0.893781,1,0.0,0.055330165123752106,1.926749,50.095,kuramoto,1.105705,0.080477,21.443788,1.9820791651237522
0.950894,0,0.0,0.02806116512375212,1.954018,119.788,kuramoto,1.885482,1.308223,21.563576,1.9820791651237522
0.847365,0,0.0,0.07749216512375212,1.904587,30.527,kuramoto,1.011003,1.673533,21.594103,1.9820791651237522
0.956318,0,0.0,0.02547116512375225,1.956608,54.306,kuramoto,1.274137,2.34115,21.648408,1.9820791651237522
0.962999,0,0.0,0.022281165123752222,1.959798,59.746,kuramoto,1.297917,3.076844,21.708154,1.9820791651237522
0.964154,0,0.0,0.07092675891994915,1.96035,63.947,kuramoto,1.302237,3.864489,21.7721,1.8894232410800509
0.962567,0,0.0,0.07016875891994911,1.959592,67.551,kuramoto,1.296319,4.69621,21.839652,1.8894232410800509
0.731457,0,0.0,0.04017824108005086,1.849245,30.751,kuramoto,0.820456,5.053507,21.870402,1.8894232410800509
0.78881,0,0.0,0.012794241080050783,1.876629,38.515,kuramoto,0.90887,5.507646,21.908917,1.8894232410800509
0.700101,0,0.0,0.055149241080050926,1.834274,34.787,kuramoto,0.775539,5.908571,21.943704,1.8894232410800509
0.814997,1,0.0,0.0002912410800508525,1.889132,49.956,kuramoto,0.952724,0.218352,21.99366,1.8894232410800509
0.986027,0,0.0,0.08136975891994913,1.970793,119.112,kuramoto,1.738165,1.456638,22.112772,1.8894232410800509
0.754674,0,0.0,0.029093241080050847,1.86033,30.701,kuramoto,0.855157,1.81549,22.143473,1.8894232410800509
0.900999,0,0.0,0.04077175891994922,1.930195,54.074,kuramoto,1.122067,2.471285,22.197547,1.8894232410800509
0.911194,0,0.0,0.04563975891994909,1.935063,58.752,kuramoto,1.146174,3.185614,22.256299,1.8894232410800509
0.918693,0,0.0,0.04922075891994915,1.938644,63.333,kuramoto,1.164759,3.957067,22.319632,1.8894232410800509
0.860967,0,0.0,0.021657758919949144,1.911081,55.638,kuramoto,1.037168,4.625147,22.37527,1.8894232410800509
0.743814,0,0.0,0.03427824108005084,1.855145,40.586,kuramoto,0.838759,5.098221,22.415855,1.8894232410800509
0.718721,0,0.0,0.04625924108005086,1.843164,37.7,kuramoto,0.801961,5.53482,22.453555,1.8894232410800509
0.680442,0,0.0,0.06453624108005096,1.824887,34.262,kuramoto,0.748366,5.927671,22.487817,1.8894232410800509
0.799465,1,0.0,0.007706241080050802,1.881717,49.656,kuramoto,0.926405,0.231573,22.537473,1.8894232410800509
0.914556,0,0.0,0.04724475891994917,1.936668,143.331,kuramoto,1.987185,1.448418,22.680803,1.8894232410800509
0.995453,0,0.0,0.08587075891994922,1.975294,61.326,kuramoto,1.4754,2.209539,22.742129,1.8894232410800509
0.985983,0,0.0,0.16045350892759247,1.970772,59.919,kuramoto,1.403169,2.951504,22.802048,1.8103184910724075
0.999239,0,0.0,0.16678350892759242,1.977102,75.723,kuramoto,1.531788,3.89217,22.877771,1.8103184910724075
0.84015,0,0.0,0.09082350892759261,1.901142,35.352,kuramoto,0.99756,4.314454,22.913123,1.8103184910724075
0.867626,0,0.0,0.10394250892759249,1.914261,41.327,kuramoto,1.050408,4.811517,22.954449,1.8103184910724075
0.837376,0,0.0,0.08949950892759251,1.899818,38.194,kuramoto,0.992466,5.267441,22.992644,1.8103184910724075
0.849873,0,0.0,0.09546550892759242,1.905784,49.405,kuramoto,1.015744,5.859031,23.042048,1.8103184910724075
0.842746,1,0.0,0.09206350892759252,1.902382,50.292,kuramoto,1.002364,0.17699,23.092341,1.8103184910724075
0.978041,0,0.0,0.15666150892759245,1.96698,119.991,kuramoto,1.780749,1.41288,23.212331,1.8103184910724075
0.781252,0,0.0,0.06270150892759241,1.87302,30.6,kuramoto,0.896669,1.773,23.242931,1.8103184910724075
0.939855,0,0.0,0.13842950892759243,1.948748,59.638,kuramoto,1.222205,2.503226,23.302569,1.8103184910724075
0.940958,0,0.0,0.13895550892759245,1.949274,63.797,kuramoto,1.225449,3.284588,23.366366,1.8103184910724075
0.88792,0,0.0,0.11363150892759255,1.92395,56.425,kuramoto,1.092803,3.966682,23.422791,1.8103184910724075
0.777407,0,0.0,0.0608665089275926,1.871185,41.735,kuramoto,0.890533,4.457359,23.464526,1.8103184910724075
0.735499,0,0.0,0.040856508927592516,1.851175,37.101,kuramoto,0.826403,4.888887,23.501627,1.8103184910724075
0.68432,0,0.0,0.016420508927592392,1.826739,31.208,kuramoto,0.753671,5.247083,23.532834,1.8103184910724075
0.823135,0,0.0,0.08269950892759259,1.893018,49.703,kuramoto,0.966909,5.83826,23.582537,1.8103184910724075
0.813897,1,0.0,0.07828850892759243,1.888607,50.021,kuramoto,0.950828,0.148652,23.632559,1.8103184910724075
0.985673,0,0.0,0.16030550892759243,1.970624,120.294,kuramoto,1.740272,1.386832,23.752853,1.8103184910724075
0.751658,0,0.0,0.04857150892759243,1.85889,30.311,kuramoto,0.850572,1.740852,23.783164,1.8103184910724075
0.894805,0,0.0,0.022161121980331933,1.927238,53.183,kuramoto,1.107995,2.384853,23.836347,1.905076878019668
0.966713,0,0.0,0.05649412198033188,1.961571,73.764,kuramoto,1.312056,3.293988,23.910111,1.905076878019668
0.781812,0,0.0,0.03178887801966801,1.873288,43.024,kuramoto,0.897567,3.80039,23.953135,1.905076878019668
0.830302,0,0.0,0.00863687801966817,1.89644,51.186,kuramoto,0.979649,4.410305,24.004321,1.905076878019668
0.711993,0,0.0,0.06512487801966804,1.839952,36.757,kuramoto,0.792333,4.835249,24.041078,1.905076878019668
0.697982,0,0.0,0.07181487801966813,1.833262,35.243,kuramoto,0.772576,5.241202,24.076321,1.905076878019668
0.80174,0,0.0,0.02227387801966807,1.882803,49.02,kuramoto,0.9302,5.821104,24.125341,1.905076878019668
0.797632,1,0.0,0.02423587801966809,1.880841,49.844,kuramoto,0.923359,0.126964,24.175185,1.905076878019668
0.97614,0,0.0,0.060996121980331885,1.966073,126.587,kuramoto,1.789681,1.362284,24.301772,1.905076878019668
0.736099,0,0.0,0.05361587801966805,1.851461,23.739,kuramoto,0.827289,1.638443,24.325511,1.905076878019668
0.930396,0,0.0,0.039155121980331886,1.944232,56.046,kuramoto,1.195493,2.323102,24.381557,1.905076878019668
0.935336,0,0.0,0.04151312198033197,1.94659,60.744,kuramoto,1.209207,3.066049,24.442301,1.905076878019668
0.89773,0,0.0,0.023557121980331885,1.928634,56.391,kuramoto,1.114589,3.749397,24.498693,1.905076878019668
0.782419,0,0.0,0.031499878019668026,1.873577,40.645,kuramoto,0.89854,4.227876,24.539338,1.905076878019668
0.748865,0,0.0,0.04751987801966817,1.857557,37.078,kuramoto,0.846348,4.660629,24.576416,1.905076878019668
0.721139,0,0.0,0.06075887801966817,1.844318,34.083,kuramoto,0.805445,5.055587,24.610499,1.905076878019668
0.831165,0,0.0,0.008224878019668092,1.896852,49.64,kuramoto,0.9812,5.647214,24.660139,1.905076878019668
0.823683,0,0.0,0.011796878019668,1.89328,50.3,kuramoto,0.967875,6.245579,24.71044,1.905076878019668
0.037598,1,0.0,0.3871248780196681,1.517952,50.309,kuramoto,0.037606,0.442216,24.760748,1.905076878019668
0.809377,0,0.0,0.14863100307747024,1.886449,120.493,kuramoto,0.943091,1.627507,24.881242,1.7378179969225298
0.208839,0,0.0,0.13810499692252987,1.599713,39.366,kuramoto,0.210387,2.023184,24.920607,1.7378179969225298
0.413579,0,0.0,0.04034899692252991,1.697469,53.203,kuramoto,0.426381,2.590619,24.97381,1.7378179969225298
0.579454,0,0.0,0.03885100307747025,1.776669,66.027,kuramoto,0.618058,3.327688,25.039837,1.7378179969225298
0.604591,0,0.0,0.050853003077470094,1.788671,66.823,kuramoto,0.649252,4.078682,25.10666,1.7378179969225298
0.805838,0,0.0,0.14694100307747027,1.884759,62.859,kuramoto,2.204503,4.823076,25.169519,1.7378179969225298
0.91499,0,0.0,0.1990570030774701,1.936875,45.751,kuramoto,1.98611,5.379858,25.215271,1.7378179969225298
0.942619,0,0.0,0.2122490030774702,1.950067,41.913,kuramoto,1.911204,5.893405,25.257184,1.7378179969225298
0.961299,1,0.0,0.2211680030774701,1.958986,39.337,kuramoto,1.849914,0.094407,25.296521,1.7378179969225298
0.300342,0,0.0,0.09441499692252986,1.643403,127.931,kuramoto,2.836542,1.126987,25.424451,1.7378179969225298
0.654031,0,0.0,0.07445900307747011,1.812277,54.339,kuramoto,2.428692,1.745734,25.47879,1.7378179969225298
0.52764,0,0.0,0.014112003077470181,1.75193,67.481,kuramoto,2.585772,2.488545,25.546271,1.7378179969225298
0.504538,0,0.0,0.003081003077470168,1.740899,66.955,kuramoto,2.612746,3.220929,25.613226,1.7378179969225298
0.476621,0,0.0,0.010247996922529756,1.72757,66.489,kuramoto,2.644786,3.942644,25.679715,1.7378179969225298
0.718088,0,0.0,0.1050440030774702,1.842862,50.354,kuramoto,2.340541,4.525693,25.730069,1.7378179969225298
0.730383,0,0.0,0.11091400307747024,1.848732,49.428,kuramoto,2.322711,5.099841,25.779497,1.7378179969225298
0.753857,0,0.0,0.12212200307747012,1.85994,47.145,kuramoto,2.28768,5.650796,25.826642,1.7378179969225298
0.703749,0,0.0,0.09819700307747015,1.836015,54.586,kuramoto,2.360932,6.280504,25.881228,1.7378179969225298
0.663525,1,0.0,0.036379980489748664,1.81681,59.889,kuramoto,2.416072,0.680974,25.941117,1.8531899804897487
-0.311271,0,0.0,0.5018109804897486,1.351379,150.911,kuramoto,-2.825063,1.530071,26.092029,1.8531899804897487
-0.021907,0,0.0,0.3636499804897486,1.48954,48.488,kuramoto,-3.119684,1.983875,26.140517,1.8531899804897487
-0.324234,0,0.0,0.5079999804897486,1.34519,66.645,kuramoto,-2.811391,2.54716,26.207161,1.8531899804897487
-0.560039,0,0.0,0.6205889804897486,1.232601,50.418,kuramoto,-2.54716,2.93763,26.257579,1.8531899804897487
-0.697162,0,0.0,0.6860599804897487,1.16713,49.408,kuramoto,-2.370161,3.299954,26.306987,1.8531899804897487
-0.816783,0,0.0,0.7431749804897487,1.110015,47.6,kuramoto,-2.18578,3.63194,26.354588,1.8531899804897487
-0.941612,0,0.0,0.8027769804897487,1.050413,52.551,kuramoto,-1.914206,3.97877,26.407138,1.8531899804897487
-0.999912,0,0.0,0.8306129804897486,1.022577,58.94,kuramoto,-1.58409,4.357464,26.466079,1.8531899804897487
-0.94075,0,0.0,0.8023649804897488,1.050825,64.251,kuramoto,-1.224836,4.781685,26.53033,1.8531899804897487
-0.770739,0,0.0,0.7211909804897487,1.131999,66.96,kuramoto,-0.88,5.257942,26.59729,1.8531899804897487
-0.553481,0,0.0,0.6174579804897486,1.235732,67.018,kuramoto,-0.586538,5.77829,26.664308,1.8531899804897487
-0.330569,1,0.0,0.5110249804897486,1.342165,67.04,kuramoto,-0.336907,0.06046,26.731348,1.8531899804897487
0.622569,0,0.0,0.055934980489748654,1.797255,137.069,kuramoto,0.672021,1.189708,26.868417,1.8531899804897487
-0.928261,0,0.0,0.7964019804897486,1.056788,46.165,kuramoto,-1.189708,1.496242,26.914582,1.8531899804897487
-0.800989,0,0.0,0.913925636855295,1.117556,49.85,kuramoto,-0.928945,1.846279,26.964432,2.031481636855295
-0.536384,0,0.0,0.7875866368552951,1.243895,62.639,kuramoto,-0.566147,2.335842,27.027071,2.031481636855295
-0.529588,0,0.0,0.7843416368552951,1.24714,43.725,kuramoto,-0.558115,2.678472,27.070796,2.031481636855295
-0.192111,0,0.0,0.623207636855295,1.408274,62.164,kuramoto,-0.193312,3.228528,27.13296,2.031481636855295
0.016438,0,0.0,0.523633636855295,1.507848,66.766,kuramoto,0.016438,3.861079,27.199726,2.031481636855295
0.150867,0,0.0,0.4594476368552951,1.572034,67.448,kuramoto,0.151445,4.527285,27.267174,2.031481636855295
0.237225,0,0.0,0.41821463685529503,1.613267,66.28,kuramoto,0.239509,5.199127,27.333454,2.031481636855295
0.320659,0,0.0,0.37837863685529505,1.653103,66.674,kuramoto,0.326425,5.891657,27.400128,2.031481636855295
0.381602,1,0.0,0.34927963685529506,1.682202,49.908,kuramoto,0.391529,0.135973,27.450036,2.031481636855295
0.959277,0,0.0,0.07346063685529503,1.958021,123.671,kuramoto,1.284432,1.366234,27.573707,2.031481636855295
0.359679,0,0.0,0.359747636855295,1.671734,27.318,kuramoto,0.367923,1.653174,27.601025,2.031481636855295
0.693559,0,0.0,0.20033163685529498,1.83115,59.679,kuramoto,0.766418,2.339809,27.660704,2.031481636855295
0.73601,0,0.0,0.1800626368552951,1.851419,65.072,kuramoto,0.827157,3.096782,27.725776,2.031481636855295
0.744344,0,0.0,0.17608363685529493,1.855398,66.987,kuramoto,0.839552,3.877704,27.792763,2.031481636855295
0.71827,0,0.0,0.1885326368552951,1.842949,64.664,kuramoto,0.801313,4.626482,27.857427,2.031481636855295
0.550561,0,0.0,0.268607636855295,1.762874,46.19,kuramoto,0.583036,5.138099,27.903616,2.031481636855295
0.524343,0,0.0,0.28112663685529493,1.750355,41.838,kuramoto,0.551944,5.598227,27.945454,2.031481636855295
0.632641,0,0.0,0.04791679834772,1.802064,39.569,kuramoto,0.684958,6.04625,27.985023,1.8499807983477201
0.824299,1,0.0,0.04359320165227998,1.893574,63.736,kuramoto,0.968963,0.521375,28.048759,1.8499807983477201
0.98841,0,0.0,0.12195020165227999,1.971931,105.156,kuramoto,1.418401,1.760376,28.153915,1.8499807983477201
0.508412,0,0.0,0.10723179834772001,1.742749,30.817,kuramoto,0.53334,2.09782,28.184732,1.8499807983477201
0.73544,0,0.0,0.0011662016522799856,1.851147,54.889,kuramoto,0.826315,2.736241,28.239621,1.8499807983477201
0.772202,0,0.0,0.018718201652279998,1.868699,60.46,kuramoto,0.8823,3.446127,28.300081,1.8499807983477201
0.79948,0,0.0,0.03174220165227992,1.881723,65.65,kuramoto,0.926429,4.222326,28.365731,1.8499807983477201
0.882303,0,0.0,0.07128820165227978,1.921269,58.255,kuramoto,2.060859,4.925567,28.423987,1.8499807983477201
0.964361,0,0.0,0.11046820165228,1.960449,41.318,kuramoto,1.838574,5.434522,28.465305,1.8499807983477201
0.974727,0,0.0,0.11541720165227987,1.965398,40.075,kuramoto,1.796097,5.929403,28.50538,1.8499807983477201
0.934178,1,0.0,0.0960562016522799,1.946037,54.503,kuramoto,1.935644,0.312646,28.559883,1.8499807983477201
0.439374,0,0.0,0.14019479834772008,1.709786,121.774,kuramoto,2.686691,1.386936,28.681657,1.8499807983477201
0.758809,0,0.0,0.012324201652279987,1.862305,57.362,kuramoto,2.28011,2.058145,28.739019,1.8499807983477201
0.67885,0,0.0,0.02585379834772006,1.824127,67.567,kuramoto,2.395397,2.832554,28.806587,1.8499807983477201
0.750108,0,0.0,0.008169201652279856,1.85815,57.764,kuramoto,2.293368,3.506951,28.86435,1.8499807983477201
0.677548,0,0.0,0.02647579834772018,1.823505,66.854,kuramoto,2.397169,4.272928,28.931205,1.8499807983477201
0.801791,0,0.0,0.032846201652279916,1.882827,49.837,kuramoto,2.211307,4.86251,28.981042,1.8499807983477201
0.807055,0,0.0,0.0526501785095812,1.88534,49.889,kuramoto,2.202446,5.453495,29.030931,1.8326898214904188
0.737722,0,0.0,0.01954617850958118,1.852236,56.49,kuramoto,0.82969,6.110923,29.087421,1.8326898214904188
0.611785,1,0.0,0.04058382149041884,1.792106,42.148,kuramoto,0.658315,0.302327,29.129569,1.8326898214904188
0.999557,0,0.0,0.14456317850958111,1.977253,117.698,kuramoto,1.541034,1.544672,29.247267,1.8326898214904188
0.637636,0,0.0,0.028240821490418844,1.804449,34.056,kuramoto,0.691425,1.930787,29.281323,1.8326898214904188
0.836688,0,0.0,0.06679917850958117,1.899489,59.477,kuramoto,0.991207,2.640636,29.3408,1.8326898214904188
0.847214,0,0.0,0.07182517850958114,1.904515,63.246,kuramoto,1.010719,3.397467,29.404046,1.8326898214904188
0.838639,0,0.0,0.0677311785095811,1.900421,64.246,kuramoto,0.994779,4.164607,29.468292,1.8326898214904188
0.691869,0,0.0,0.00234682149041876,1.830343,46.517,kuramoto,0.764075,4.699567,29.514809,1.8326898214904188
0.649761,0,0.0,0.0224518214904188,1.810238,41.463,kuramoto,0.70727,5.171168,29.556272,1.8326898214904188
0.631622,0,0.0,0.03111282149041883,1.801577,38.846,kuramoto,0.683643,5.61089,29.595117,1.8326898214904188
0.622784,0,0.0,0.03533282149041872,1.797357,49.645,kuramoto,0.672296,6.17154,29.644763,1.8326898214904188
0.637541,1,0.0,0.028286821490418834,1.804403,50.408,kuramoto,0.691302,0.459852,29.695171,1.8326898214904188
0.996099,0,0.0,0.14291217850958127,1.975602,118.497,kuramoto,1.48244,1.701159,29.813668,1.8326898214904188
0.572548,0,0.0,0.059317821490418865,1.773372,32.044,kuramoto,0.609611,2.058202,29.845712,1.8326898214904188
0.793076,0,0.0,0.045976178509581134,1.878666,57.68,kuramoto,0.915843,2.739053,29.903391,1.8326898214904188
0.816209,0,0.0,0.057021178509581105,1.889711,62.598,kuramoto,0.954818,3.482299,29.965989,1.8326898214904188
